date,ticker,y_true,y_pred
2017-06-13,SNY,0.2961176009079278,0.010858116694456077
2017-05-11,CHTR,-0.5452401017148867,0.055374864300182264
2016-12-09,DUK,0.2020882182797054,0.05258097667092425
2017-05-25,BA,0.33501832232631307,0.07294264531587645
2016-10-25,CAT,-0.5374606329178114,0.0962708858485085
2016-09-08,PPL,-0.14938258400316018,0.06809200921417646
2016-11-03,HRG,-0.6594003847513987,0.045799205681662084
2017-02-15,PTR,-0.030522238945140345,0.04569633467874247
2017-02-03,WFC,-0.14369596208837243,0.1202746878413568
2016-12-15,GE,0.5050677009356781,0.011872352772593991
2017-02-14,MA,0.10260212587186693,0.038720568187220444
2016-11-17,SRE,-0.01407142057024786,0.20538707206162626
2016-08-25,SNP,-0.07275902020743244,0.032249877925764656
2016-08-12,BABA,-0.28497206900216454,0.13882568400670736
2017-05-08,PEP,0.1267836203988225,0.0296648603418026
2017-08-25,PG,0.004322741022440036,0.02959857097255164
2017-06-08,PCG,0.16576011142160518,0.0017447325718488518
2017-03-15,DIS,0.03750724744907802,0.0022281339259769897
2016-10-21,MSFT,0.07027644511171083,0.12875867803019098
2017-07-20,BBL,0.7862168653498209,0.11948513491343883
2016-09-26,ABBV,-0.2639453626043572,0.0525210923151557
2017-01-27,AGFS,0.3643087978268221,0.19692343990763933
2016-08-09,VZ,-0.33829221408841414,0.04288967918763187
2017-08-18,MA,0.24404425824026835,0.1189320754070302
2016-11-17,PG,0.09367699200660352,0.1338294251385131
2016-08-22,IEP,0.3340707266957221,0.1841994673585055
2017-08-10,HD,-0.5548050474966513,0.08397789101853802
2017-08-09,AMZN,-0.07815613523460942,0.04771556205156546
2017-07-14,FB,0.5499720250030088,0.09075873902762029
2017-01-11,UPS,0.015759054048479437,0.025058227005257103
2017-07-05,BABA,0.5621910381120264,0.26292060991414906
2016-10-26,DUK,-0.19646998670423682,0.09309741886178442
2017-04-06,BBL,-0.2586378891712944,0.11812864442161579
2017-08-16,BP,-0.029183719061902515,0.06300277877255858
2017-03-08,IEP,-0.28712300257811924,-0.0012876700862213541
2017-06-20,AGFS,-1.1669976612455302,0.13179687613317803
2017-04-19,C,0.804657216407547,0.10643830131165673
2017-04-04,AMGN,-0.15268617878544027,0.06338365880959747
2016-11-09,PICO,1.252711419829699,0.21703876696993202
2016-12-19,HRG,0.012957564431210433,0.07828374115060478
2017-04-12,JPM,0.03509929984628268,0.10020094628234581
2016-07-29,FB,0.1943088037560905,0.055145254906721036
2016-07-29,SNP,0.08615167662598802,0.06850633157072784
2017-08-03,WFC,-0.5505809324963501,0.01580131398507771
2017-08-10,GD,-0.02927236973185261,0.09177556083847739
2017-06-29,CHTR,-0.19815461100071458,0.090247619507154
2017-06-20,LMT,-0.3609747967598086,0.004024892969719973
2016-11-28,VZ,-0.5433055128498466,0.0988485786841025
2016-08-01,UNH,-0.1932505188351195,0.018793376106728862
2016-10-19,NEE,0.258395519305354,0.11785007006785765
2016-09-27,V,0.13827391456016205,0.08307924629050654
2017-04-25,BSAC,0.12383858191314072,0.06184210412261297
2017-06-20,UTX,0.013162633431599013,0.02506141666446779
2016-12-14,BHP,-0.7484614863645838,0.10393789758908405
2017-04-24,BHP,-0.1777789483449178,0.08034152510492922
2016-10-04,KO,-0.14392084154669474,0.12423891005004058
2017-05-01,PM,0.37280300002469435,0.05291667840622806
2016-09-06,AMZN,-0.7191004777226665,0.03946973901693525
2017-06-29,CHL,-0.36002477669315097,0.025453872913037717
2017-02-13,DHR,0.1325909350822128,0.06120665559457257
2017-01-17,CELG,-0.43977146768171654,0.07445698619864084
2017-08-25,AMGN,1.029930709599253,0.0344104883247716
2017-02-02,BABA,0.4897884299787605,0.09694063655630016
2017-05-31,NVS,-0.1349771383044671,0.05230469117504301
2017-01-03,CELG,0.20609288628727077,0.04261825428567004
2017-02-16,HD,0.6136349184176504,0.029749551779788427
2017-03-20,GD,-0.6878013807618565,0.04790703905056126
2017-07-18,AEP,0.13994077471430585,0.05782496299542579
2017-07-27,TSM,-0.21675854496899505,0.04839256575047611
2017-06-22,GD,-0.43193850944087514,0.03606734297894622
2016-10-03,UTX,-0.4841872911992094,0.08212100026362638
2017-03-24,MMM,-0.018806174815334347,0.0699573672532182
2017-06-30,SPLP,-0.05383691148137613,0.06066221528411596
2017-06-08,WMT,-0.005068172415823113,0.046911165084285736
2016-08-05,EXC,-0.49554926362930035,0.0775402182367949
2017-07-21,SNY,-0.06297811438791494,0.031485808820490166
2016-08-01,RDS-B,0.43765186788308774,0.06516875947893924
2016-08-29,BP,0.2611329849928016,0.022761512778100013
2016-08-09,WFC,-0.20129719877759983,0.037799380384155604
2016-11-04,GOOG,-0.21107817855588268,0.15463596238831867
2017-02-09,REX,-0.5380450792345732,0.03407817688936397
2016-12-07,BP,0.07231202708602114,0.045401991820522805
2016-12-06,SNP,0.8769359337205168,0.07085517470557438
2017-02-16,BCH,-0.035987291516359377,0.04088910756153101
2017-05-04,GMRE,-0.2625850176807273,0.17089762011186999
2016-12-06,PG,0.5402207326842297,0.0886531678377095
2017-06-06,GD,0.2115373062560042,0.0594151819189655
2016-10-13,CHTR,0.13371744102450128,0.06095376961313516
2017-03-15,NEE,0.07718547420972494,0.009469792406123806
2017-08-22,ABB,-0.1910557340755787,0.05756921567146277
2017-06-20,BSAC,-0.05541187109631259,0.0973431531677897
2017-01-23,SNY,-0.10472451411591233,0.06429576702631445
2017-05-26,GE,0.38247573704283305,0.03334978670626583
2017-08-15,BABA,2.013680554151191,0.08462083314394599
2016-09-23,BP,0.6945140250455479,0.09034599739047809
2016-11-25,CAT,-0.1403515344614763,0.09344052302602206
2017-02-21,SLB,-0.07948146758175294,0.0034584240139025543
2016-12-22,DIS,-0.2289649212240148,0.05036145016332906
2017-07-19,ORCL,0.06655502014544465,0.15670809095619592
2017-05-15,HSBC,-0.15242504240602242,0.0748684872975882
2017-01-06,ORCL,0.41694916914980806,0.028197152894912564
2017-01-19,SO,-0.17199095493024702,0.039608215901554125
2016-12-29,MO,0.11170102306029003,0.04091060067590538
2016-10-27,LMT,-0.8071205808058244,0.10418754818543223
2017-05-02,IEP,-0.949175267448297,0.06177623979036889
2016-12-23,BAC,-0.06204408357548088,0.14179789395952114
2017-04-03,UL,0.4181910499018566,0.03262182908352991
2017-04-13,NGG,-0.16448058295490073,0.06708271735197709
2017-04-07,CHTR,-0.017549448741855714,0.05604494046377374
2016-12-14,PEP,0.043984720450522666,0.039416443138705334
2017-08-22,V,-0.05773733885341666,0.09247111737169735
2017-08-17,CHL,0.3241553261266382,0.10426639285329
2016-10-17,MMM,0.124165808926272,0.06946305229930105
2017-01-30,PTR,-0.408333861944547,0.08729741340376791
2017-02-23,GD,0.28997522897004907,0.08988353147563861
2017-03-06,CSCO,-0.05271706000754335,0.06013183732279147
2016-08-16,BRK-A,0.24262909959079043,0.016254510657269627
2016-09-29,ORCL,-0.12822184596402608,0.06922263496866458
2017-02-27,CELG,0.28373864040004093,0.04526612914219122
2017-07-20,CSCO,-0.18288066598642486,0.0618084229573498
2016-09-08,KO,-0.4280743992146963,0.046607406442973384
2017-01-25,REX,-1.3767747649551807,-0.04028758757014942
2017-03-31,GD,0.17923964932175782,0.07709782734913433
2017-06-05,GOOG,-0.8468075173804248,0.0462982299802871
2016-10-06,AMZN,-0.29636421453897244,0.13482108139524057
2016-10-24,TM,0.036347549979370286,0.06619773695872772
2017-07-07,IEP,0.2514284654957052,0.06713719978360445
2017-03-13,VZ,0.3089024748971167,0.01560263698155226
2016-12-07,TSM,-0.040133291922711846,0.14919873293398245
2017-07-11,HD,0.207418814534749,0.05274373602084789
2016-11-16,MSFT,0.24989825212803612,0.18709293272205701
2017-01-23,CAT,0.4873437271056269,0.07584283433629092
2016-10-11,PM,0.21657982527183312,0.07398778263561155
2017-02-28,CHTR,0.011139842673388823,0.016479271927755945
2017-04-12,PG,-0.06565332865610156,0.0029177694264735862
2016-11-09,BA,0.18523208806033203,0.09744477371543019
2016-11-21,CHL,0.08491042795644303,0.03500032291526753
2017-01-27,TOT,0.16204115786210566,0.05460076242570934
2017-08-16,MCD,-0.011330178367552946,0.06236058494527481
2017-03-23,MCD,0.049553487250155036,-0.004268521456737576
2016-12-09,CHL,-0.8431801121184221,0.011821817460000272
2017-01-25,SNY,0.49030818422589767,0.05436802261574643
2017-02-23,INTC,-0.14981380582706286,0.015268235993610754
2017-02-13,SNP,0.017464845669309614,0.06953676388438117
2016-11-17,CODI,0.6316280097987065,0.07168565753458182
2016-09-29,UNH,-0.2693016680109553,0.08622807809934989
2016-12-02,SNY,0.18901107882941384,0.05201199138280893
2016-08-17,JPM,0.01820371192922291,0.029075337102852636
2017-01-11,MDT,0.22973472423292024,0.04811076092377445
2017-05-30,TSM,0.3600732289555413,0.06264335346680541
2017-02-23,EXC,0.2430951160763529,0.02589640047882731
2017-01-25,TM,-0.6487417513279452,0.01883260176260175
2017-01-05,MMM,-0.030409875270195987,0.0371503715168391
2017-07-20,BRK-A,0.15911634877735908,0.013986182092137422
2016-11-14,SRE,1.0225926364071611,0.19998797310657002
2016-12-14,BRK-A,0.1219164200527076,0.019851034513307997
2016-08-04,WMT,0.2724059654717834,-0.012111060612359066
2017-05-11,BBL,0.46113358776932784,0.05161060502717532
2017-02-10,FB,-0.09861113620375668,0.05616463888881139
2016-09-13,WMT,0.14223204038968043,0.037681455828512955
2017-02-07,CODI,-0.35088641770314,0.024500692604774915
2016-12-12,WFC,-0.20180181788725154,0.0929098074243336
2017-05-24,BSAC,-0.13706968132614353,0.07306928954745147
2017-01-24,UL,-0.5990616825129493,0.02112181813739082
2017-07-31,AGFS,-0.5722106808253162,0.21598184662649256
2017-07-03,CMCSA,0.21262951197558494,0.05620678979970996
2016-08-19,MMM,-0.022284546497704876,0.058120816689629734
2017-05-24,LMT,0.19362402274982302,0.05487105844015555
2017-07-11,HRG,-0.1497283166333256,0.030558678729293645
2016-08-05,BAC,-0.186918291989114,0.09634191342133065
2017-06-30,BABA,0.4088518733961647,0.27011400634270966
2016-12-16,SLB,0.0023403463796666025,0.037804181344148244
2017-04-27,CSCO,0.2532065186071966,0.037115505411834115
2017-01-11,CHTR,0.4352374011756092,0.06875487153861763
2017-01-31,REX,-0.23990061673487434,-0.04824143725210466
2016-12-20,SLB,-0.1530203498264246,0.030799545465959283
2017-02-27,BABA,-0.25059820355892154,0.04668875285750862
2017-01-17,JPM,0.27812892160610864,0.11009441409293068
2017-07-24,BABA,0.35025823666344935,0.06957127817003383
2017-08-03,UTX,-0.7299213921739243,0.013643283337263223
2017-01-30,BBL,-0.5403425502182344,0.15826114951301845
2016-10-18,SO,-0.04703025039513942,0.06789722017909897
2017-05-17,CAT,0.7468154339628347,0.16595070949441554
2017-05-23,BUD,-0.2785132973769352,0.10700201653511841
2017-07-19,PM,-0.6637464437202543,0.06719465673672542
2016-11-18,PTR,0.45918020498688306,0.11765083746081968
2017-04-25,NVS,0.44106184916659774,0.03158292200430035
2016-12-20,PCLN,-0.2922232055980749,0.04187899237428404
2016-12-13,SLB,-0.19835889147758357,0.03881734563977418
2016-10-26,HRG,-0.4941820698303464,0.06475942319825587
2016-11-15,SLB,0.08360913664953921,0.0297542394250134
2016-11-25,DIS,-0.06486955064016564,0.03406893537597375
2016-09-01,SLB,-0.23074093956213973,0.015750123594998625
2016-09-21,GOOG,0.13711943980006308,0.061247588019163454
2017-07-03,SLB,-0.35553960987460487,0.02990869606918957
2017-02-15,MA,0.19600793850028925,0.032068895644376774
2016-10-07,FB,-0.17285240015183456,0.02501550607136392
2016-11-16,DHR,-0.2635408961384736,0.13443316925638055
2016-10-27,HSBC,-0.5005542211308636,0.0798595957459249
2017-08-10,ORCL,0.18624077216676488,0.048221035505049664
2017-07-31,HRG,-0.37771454637613777,0.010943111844029699
2016-10-28,SPLP,-0.7018264459659915,-0.02777770216793201
2017-07-12,MDT,-0.49812236948959104,0.023105200906415338
2016-11-15,EXC,0.2417513190879974,0.192158676973743
2016-12-02,UN,0.2767675062630429,0.05804299360028259
2017-04-19,PG,-0.41955004525637724,0.02618569748517849
2017-05-15,CSCO,-1.605235332573401,0.043825504385306926
2016-12-22,JNJ,-0.039887269666201,0.03709616687910949
2016-12-29,PCLN,0.5387003207779664,0.04897725928971182
2016-09-08,CVX,-0.9077304951585983,0.03330768794327578
2017-05-26,GD,-0.0762933232049757,0.05774291747882433
2017-02-27,AMGN,0.3746013560777038,0.0846710832839611
2017-04-21,TOT,0.4866219391172593,0.11252867082684821
2016-11-10,UL,-0.5149188425284829,0.039799928034723875
2017-06-29,HRG,0.034119996902006046,0.045349149949969206
2017-06-12,AAPL,0.12613295685164658,0.04053401389663405
2016-08-30,BHP,-0.10923652369133059,0.10396463716069061
2016-12-28,UTX,0.20944368599738605,0.07856242831976719
2017-02-23,MO,0.3356040725423987,-0.005586760074611993
2017-02-17,PG,-0.04396152895483858,0.0419691576792621
2017-08-07,SNY,-0.10031410685059235,0.03488200596828922
2016-10-03,TOT,0.5146585127830346,0.13093860966456422
2017-03-30,PTR,-0.17179229778027574,0.060082657550793866
2016-12-28,HSBC,0.6870788734816949,0.07095766784666717
2016-10-11,AMGN,-0.18586453355887783,0.04916415860200074
2017-04-10,MDT,0.007470931951581822,0.020803704624762
2016-11-17,FB,0.4349998947632594,0.10815203564564897
2016-12-19,HD,-0.02660185861480448,0.04459273080874285
2017-05-18,TSM,0.3803142723034141,0.09101796534061342
2017-07-12,HRG,-0.08029721368991656,0.024098353685506974
2017-07-31,CVX,0.10777721498475654,0.026148477889537794
2016-12-28,NVS,0.6727231184168538,0.09719568810099503
2017-08-23,CVX,0.2090159882226034,0.06263696196594161
2016-08-22,PEP,0.005554391565353334,0.0518102423424148
2017-08-03,PFE,-0.0059847421833142235,0.010706089667912727
2016-07-29,LMT,0.5894933945894951,0.010900525311118778
2016-08-25,XOM,-0.14228283043650486,0.03826930048775537
2017-08-02,VZ,0.004148916327232488,0.1403293843499956
2017-03-01,GOOG,0.0031127552553803063,-0.023185942550726493
2017-03-06,WMT,0.1665433337808404,0.05324050531830658
2016-11-29,DHR,-0.44727527422149393,0.07267858178837429
2017-01-04,GMRE,-0.33205048703323425,0.23994919725930763
2016-12-22,MSFT,-0.44874199082052807,0.09237892143848707
2016-10-31,BA,0.08407367747447295,0.1427804053520012
2016-10-05,GD,-0.4899492591746137,0.06482246220414847
2017-03-10,LMT,0.2456371933511972,0.023247434465458558
2017-02-24,WMT,-0.6628908299427826,0.0590642483746425
2017-05-22,GD,0.42627062361579576,0.051244889671256344
2017-03-01,FB,0.043614613648501374,0.02096882468894222
2017-08-10,SNY,0.280663098205243,0.0295428332020172
2016-08-08,DIS,0.2800160036846554,-0.021233652997549264
2016-12-29,PCG,0.04251567127755207,0.014080900203891897
2017-07-06,DUK,0.03842043793565262,0.09478819979943416
2016-11-29,WMT,-0.2850562108357808,0.03382904675632392
2016-08-12,GE,0.006400510404153392,0.0025678341767027893
2017-04-13,AEP,0.09453328209139131,0.030375854143551484
2016-11-14,PCLN,0.464618535936698,0.19056395014830607
2016-08-09,DIS,0.043398160385999675,-0.019716576562301344
2016-11-29,AAPL,-0.27280324091252295,0.08885457932398501
2016-09-06,CAT,-0.45593648882688254,0.014305810383812206
2017-03-07,BRK-A,-0.07317639080391528,0.06490969397576903
2017-06-22,AAPL,-0.26961463978666234,0.03706781751863378
2017-04-06,PICO,2.512007940111449,0.0933734076569289
2016-08-08,TOT,0.44104006789315164,0.0868926661369233
2017-03-14,MO,0.15601354335385,0.014106083450089735
2016-10-07,NVS,-0.5700611522575783,0.05244009483318467
2017-08-10,MO,-0.14565617954427346,0.06392442742806437
2016-11-21,MA,-0.4042844014514646,0.16364470617119337
2016-11-14,PICO,0.4921162160440004,0.12743241665265903
2017-04-04,TOT,0.3030955152245774,0.08837189520234436
2016-11-02,INTC,0.2373773873408595,0.12500517777200748
2017-03-02,GMRE,-0.9746434073032949,0.05202346917096533
2016-10-19,PEP,0.15187911813948524,0.10269307403534027
2017-01-06,PICO,-0.26316169155022656,0.12000893323755384
2017-05-03,AGFS,3.8548302019521508,0.4485451943215172
2016-09-07,C,-0.30988636223427307,0.05973183956346717
2017-08-08,MSFT,0.22407437405437752,0.03320267054192076
2017-02-21,ABB,-0.36908035594320127,0.045124917118279276
2017-01-04,BHP,1.1551240905577171,0.06103439116456605
2016-11-21,UL,0.16272854617222088,0.02960733898451598
2017-03-21,AEP,0.2551579355588892,0.015974289093750274
2017-05-01,AAPL,0.8586391444100971,0.006998929506056094
2017-02-13,TOT,0.38511340755114015,0.0681083218485127
2016-12-08,V,0.0554227152650771,0.1225178647948844
2016-12-12,PCLN,-0.6339758031350116,0.06570918511304932
2017-06-29,PM,0.13958691201663412,0.11946792143072178
2017-08-10,MDT,0.15116069888218756,0.029041396899524813
2016-08-15,GOOG,-0.26476763926424396,0.05890931320315736
2017-03-27,SPLP,-1.9761969838327787e-15,0.06189273333524428
2017-04-27,KO,0.29999433941043674,0.039129814921483014
2017-07-19,BHP,0.47165994310534815,0.09118092439076926
2017-07-31,UL,0.24777111680231795,0.02425306333107337
2017-02-15,BP,0.035472029790105,0.01994339380796034
2016-09-22,C,-0.5640244476534967,0.07583325855406152
2016-08-19,CHTR,-0.13503999247796225,0.12302237301729198
2016-10-13,NGG,0.11038070866605414,0.045425134253251856
2017-08-10,HON,-0.1065798442465657,0.08089756074683051
2017-03-22,CSCO,-0.21226404226863224,0.03857636197952902
2016-12-14,BUD,0.13557959769372788,0.06586738382062768
2017-07-05,DHR,-0.14321532051558855,0.04889466190638407
2016-12-07,BCH,0.4163251875848549,0.08819169481628665
2017-07-10,DIS,0.23035191147002926,0.03435981069853532
2017-05-05,SLB,-0.26575726628286134,-0.0005756560066999816
2017-08-14,NEE,0.320263471646769,0.03252512219054615
2016-11-22,RDS-B,0.1742829740216445,0.08736955996016534
2016-08-11,BRK-A,0.11772933857661208,0.024022667935221648
2017-06-15,HON,-0.05958023627651099,0.03192984063354892
2017-06-28,ABBV,-0.32907712823765917,0.03891499321422086
2017-02-06,UL,0.49840967913804846,0.057918211350612134
2016-10-07,LMT,-0.08238439434125874,0.018629793336235267
2017-01-25,DUK,0.07252086568842549,0.016932920499267867
2017-05-22,FB,0.5508963630275315,0.05720684517733511
2016-08-17,CHTR,-0.44701965140320493,0.13926981684127637
2017-02-09,SO,-0.022413662977727244,0.02703900651828882
2017-01-26,DHR,0.7077161232859307,0.03871830664169357
2017-08-17,PCG,0.2306154085662663,0.04676250910778357
2017-03-24,TSM,0.018277265469888615,0.0810489135232806
2016-10-24,BAC,-0.3246199404071815,0.10432879231210677
2017-05-23,TOT,-0.32331405907124217,0.09346206327293534
2017-04-27,VZ,-0.34144388904860656,0.03811090620469482
2017-07-12,UTX,-0.10211019453099572,0.0548829141774624
2016-08-22,C,0.2555392064940817,0.07241252148662396
2016-12-12,JPM,0.16455396000269248,0.0768416589244076
2017-02-27,PICO,-0.5839830938452492,0.020728313778391502
2016-11-14,T,0.8719408443196459,0.07148500067559081
2016-09-08,SO,-0.3887374792931068,0.05787645874353657
2016-09-09,D,0.6940234458200583,0.151676964176448
2016-11-18,LMT,0.214735926290351,0.12269264824391891
2017-04-21,MRK,0.14168524444482983,0.043330666616589186
2017-03-02,AAPL,-0.04034405034095319,0.03909939895873436
2017-03-16,FB,-0.06582804932744393,0.02842421269043828
2016-11-28,AMGN,0.03030472907819528,0.06440983428458745
2017-04-21,FB,0.8942403516161033,0.057064817305695945
2017-03-29,KO,0.07059725993795088,0.030991886889695452
2017-07-25,V,0.17524911821816286,0.09245159441727059
2017-08-21,BSAC,0.3264268312820867,0.12841091385699688
2017-04-26,MMM,0.26794145244734074,0.04422847760921679
2016-09-27,BBL,1.296467810612556,0.1832709641768447
2016-09-09,NGG,-0.06313503196797612,0.11525367449372438
2016-10-28,BA,-0.4912657994748117,0.14645279998156002
2017-07-17,T,-0.08812958474010864,0.04916667102288906
2016-10-27,BA,-0.4644957988373847,0.1474491232773335
2016-09-08,C,-0.2993617786981041,0.05084443168361277
2017-01-12,UTX,-0.0054146697877198125,0.0767108141971271
2017-04-27,DUK,-0.07493016493732976,0.019448618788693042
2016-12-29,GMRE,-0.28587477243088477,0.27544853279087733
2017-08-04,AGFS,-0.5938357961480584,0.13319055719109224
2016-10-31,MO,-0.2587772620730705,0.10792969437579582
2017-07-17,DUK,0.12338520648586904,0.06230497474033578
2016-08-25,DIS,-0.27185529586359375,0.01308487667302756
2017-08-10,SLB,-0.43005681131379736,0.02897852993914575
2016-08-30,MDT,-0.16184855395612022,0.036132249840478095
2016-07-29,CAT,-0.04839168280861315,0.12701119814763423
2017-04-13,PEP,0.13267935564470407,0.05986243007657385
2017-03-10,WFC,-0.06126592911440561,0.06980455199178061
2016-11-30,XOM,0.1756275711895332,0.006785652729344865
2017-04-13,PICO,1.022585684346128,0.14472190987883243
2016-08-11,DUK,-0.2711682021748783,0.05020643224777406
2017-08-07,ABBV,-0.11264490413747137,0.038249003591555586
2017-07-20,CVX,0.28091973215766747,0.0056704523435529425
2016-08-04,XOM,-0.004686129599528443,3.399374130336891e-05
2017-08-09,XOM,-0.5022253472223386,-0.013299204894256823
2016-12-07,AEP,0.4756283386642668,0.16867883930140465
2017-08-01,V,0.08112781928322779,0.04503414602026215
2016-11-18,NVS,-0.4466250429267797,0.10893275053885236
2017-05-31,INTC,0.08290608187212414,0.027015422559553373
2016-10-12,CELG,-0.015990606887971708,0.05351627030776206
2017-05-25,IEP,-0.09880579581767515,0.055863839651930244
2017-07-11,NGG,0.5840072334330852,0.04044527653058588
2017-06-26,PEP,-0.2889631850671017,0.04112460776827334
2016-08-16,UNH,0.13140808138753615,-0.004581987570399161
2016-12-13,ORCL,-0.8827885491745796,0.05662296676330367
2016-12-09,LMT,-0.7418279330719841,0.03868321849796531
2017-08-15,DIS,0.24672233893502188,0.035644167831701074
2017-01-03,BABA,1.7599699374443958,0.01686065575826079
2017-02-22,D,0.4329107155594201,0.05152495657280633
2016-08-25,UTX,-0.1865315360207074,0.043372949978226036
2017-08-18,LMT,0.23920336506328915,0.05016213420116536
2017-08-11,NGG,-0.031832570781821196,0.04208177739988106
2016-10-14,INTC,-1.2676394320188824,0.08398584052740234
2017-07-18,VZ,0.28395209864988086,0.049662472466738314
2016-09-20,BABA,1.3171442792833443,0.12701647738161986
2016-10-03,T,-0.6405133453146253,0.10102133391731925
2016-10-10,REX,-1.0453357420885683,0.03213459849517293
2017-07-12,BAC,-0.23962346486010686,0.0876032844880452
2017-01-09,PCLN,0.13668816573430811,0.031114991506801373
2017-02-15,SNP,0.16425777344541476,0.05481886350451197
2017-05-23,AMGN,0.15130623604407525,0.006659006624896366
2017-06-21,CODI,0.29369073429945514,0.03137593491017464
2017-01-18,RDS-B,0.20813724022870214,0.03538210145805258
2017-06-05,WFC,0.8960955724535467,0.05642263809493164
2017-03-21,BAC,0.3957111131719085,0.17083469347474423
2017-01-24,BUD,-0.36119286680388474,0.037906632483621916
2016-09-09,CSCO,-0.00648441204964798,0.12410185892614452
2017-05-24,SNP,0.4859504453534237,0.05076254993740198
2016-10-31,CELG,1.013236749518759,0.11977670047299853
2016-12-12,NGG,-0.06468803572946522,0.0473395300564161
2017-07-14,REX,-0.5311127246306653,0.05777885232238891
2017-03-31,HD,0.0408220595692456,0.04322463417628243
2017-08-10,EXC,0.10025030722890853,0.057522983009995074
2017-01-12,CELG,-0.7696601986878957,0.07099498353013585
2016-10-27,BP,-1.237508580937267,0.06184378668068631
2016-12-13,JNJ,-0.03973082509988328,0.029291823039776843
2016-08-01,SLB,1.0041912787135119,0.08667550211695309
2017-04-25,UNH,0.011488919162920008,0.04936399233309868
2017-03-06,BSAC,0.37563941931274575,0.07183288638213924
2017-08-10,FB,-0.05862706515487552,0.12031177311560622
2016-12-30,LMT,0.6200414713214573,0.00027435847182018247
2017-03-31,HON,-0.09633243698362629,0.05931278614009754
2017-07-03,CELG,0.3155203273173946,0.11769375566234995
2017-06-28,WMT,-0.2737249522939721,0.03126359831775556
2016-08-26,INTC,0.4597955561248653,0.07600388048577426
2017-02-21,BCH,-0.26698140847382595,0.026702076271724717
2017-04-20,GOOG,0.7600419312595795,0.07147748255052207
2017-08-22,JPM,-0.10073381857500259,0.06942979742643787
2016-12-02,NGG,0.39216954206621635,0.10579283493261428
2016-10-03,BBL,0.5476253998500811,0.19661388115760814
2017-06-06,BABA,1.8357571974259226,0.07303523078466644
2017-01-20,ABB,0.9012454902047763,0.09535372520305825
2016-11-01,AAPL,0.025134653758755655,0.07412013534321789
2017-07-21,JNJ,-0.518067823019808,0.044567273627405646
2016-08-22,HD,-0.014778871299953788,0.012442973908436503
2017-01-12,SO,0.024475076388910565,0.033266675812151036
2017-07-25,BAC,-0.024523743262704522,0.0646530157135543
2016-11-03,AGFS,-16.45917584163872,-0.008363797744041064
2017-02-23,TSM,-0.5621577584059552,0.0673066318952189
2016-12-30,BCH,0.045370600124760255,0.07147748512709469
2016-10-19,GD,-0.03701846121897654,0.07142755843843597
2017-03-27,REX,1.1101381819584688,0.13995418757654904
2017-06-08,UL,-0.4201448221827107,0.04196927522956012
2016-10-11,KO,0.20596583794767626,0.0648357727163325
2016-12-23,REX,-0.2073181198315758,0.11581552512007819
2016-10-28,MCD,-0.1900177819507939,0.01981791039705663
2017-03-17,PFE,-0.1873565224649022,0.03190110626980387
2017-04-03,CHL,-0.23935047423376732,0.07433959260695948
2016-12-16,CELG,0.3922854644113773,0.05404342732109746
2017-02-06,AMGN,0.26671585957078797,0.12009638457650638
2017-03-09,UTX,0.07312668649442891,0.015179731793428769
2016-08-05,PTR,0.24182434298400501,0.04572529718169442
2016-11-30,PFE,-0.6000754180191571,0.04952061272043133
2017-02-06,DUK,0.28670858641303215,0.04349745805179957
2017-01-23,C,0.3312940634202775,0.046018773650169695
2016-12-13,CSCO,-0.019625374057244384,0.025129978037994716
2016-10-06,TSM,-0.15660838775712466,0.15356059648866482
2017-04-05,CODI,0.2962992071742757,0.06173324224918665
2017-02-22,VZ,0.05629428357559098,0.014468152902980327
2017-07-05,JPM,-0.2513590177390127,0.08448480968322157
2016-10-14,SRE,0.1608736040147542,0.0967572943855086
2016-12-27,ABBV,0.2512155104779484,0.07987889647798634
2017-06-14,DUK,0.05784138566440135,0.006437059887624684
2017-04-03,KO,0.13160819943519803,0.02489713417636956
2016-11-07,CAT,2.345309508424749,0.05371910055364856
2017-02-01,BA,0.15177662890425825,0.08640928833625068
2017-06-02,UTX,-0.24386596207920358,0.02410261737454171
2017-01-31,HD,-0.13565631993499153,0.023754862585093628
2016-12-14,AMZN,0.046250401135283226,0.07314196599944019
2017-04-27,PICO,0.3647529779895254,0.16858562187555054
2016-09-12,BAC,-0.39378895071966946,0.1020281448903607
2017-07-28,SLB,-0.2705902668840807,0.0386018074452987
2017-04-28,DHR,0.1268017488300135,0.04422384124801354
2016-11-29,DIS,0.19767845346790464,0.045580881752643035
2016-09-09,SRE,0.710268778192739,0.16012473344722272
2017-01-05,TSM,-0.34524383881215026,0.03773347115513527
2017-06-01,NGG,-0.43203307063472246,0.053864586515902174
2017-08-07,TSM,-0.40638520612550055,0.02739155935560518
2017-02-15,VZ,0.9067512242770078,0.021340274568188433
2017-03-01,MSFT,0.015388993470866951,-0.019632593498570113
2017-02-21,PCLN,0.9153425427120435,0.029916218863687158
2016-12-09,PEP,0.439283985351146,0.02581382860742308
2016-10-20,AGFS,-1.419034719445692,0.052296486916956306
2017-02-21,NEE,0.5755429091877943,0.04969608156917049
2016-08-03,SO,-0.06042291363000496,0.06011399025306814
2017-07-17,CSCO,0.2272758007526817,0.062045744542069514
2016-10-31,GE,0.14381070819721842,0.05665974456361518
2016-08-17,MCD,-0.38454509474017157,0.003259932737786339
2016-07-29,CMCSA,0.04159216952664476,0.015545815984108674
2017-01-06,BRK-A,-0.23726743445238885,0.02867143041579004
2017-05-04,WFC,-0.5288591806495021,0.09161072303508837
2017-02-14,BAC,0.5977931251573775,0.1156437547714343
2017-04-04,ABBV,-0.08973923048707937,0.061213650692346216
2017-03-02,ABB,-0.28419505670422274,0.037573175601559414
2017-02-17,IEP,-0.10746893466714118,-0.00293115598015075
2017-05-24,GMRE,-0.33403456372811835,0.056202999644309665
2016-10-04,BAC,0.38860811221133945,0.09819198611514325
2016-09-19,SLB,-0.10030519888689984,0.034526002210353304
2017-03-30,MMM,-0.1458668475755281,0.055891167110170545
2016-09-30,TSM,0.3820742355678872,0.13474525732111092
2017-06-14,IEP,0.2717868866331758,0.021121129102135483
2016-08-12,AMZN,-0.39873989743298643,0.04685899886482321
2017-06-07,INTC,-0.4067554319634814,0.020943880129227696
2016-09-30,GMRE,-1.0950096229441948,0.04295321842326251
2017-03-03,NVS,-0.08447742455384417,0.005101941669092447
2017-02-03,AMGN,0.04293066502778549,0.10431031263069139
2017-04-24,SPLP,0.05471850348128824,-0.012361957213247052
2017-03-01,HON,-0.10400252150434337,0.030128387637728238
2016-11-25,BA,0.29244279701220105,0.03874208137067858
2017-01-25,FB,0.26444419151424164,0.05432923604209583
2016-09-20,ORCL,0.11739083801589352,0.07166007800748266
2016-12-19,JPM,0.3940748180695731,0.0638672161763568
2016-08-17,EXC,0.07504624319530806,0.05079815486256817
2017-03-16,PM,0.22759538330699022,0.029754536136990806
2017-08-07,WMT,-0.017822292890376824,0.04689251086170017
2017-05-05,CODI,-2.55351295663786e-15,0.010136915838196786
2017-06-02,NVS,-0.2668838002383063,0.04736223337541137
2016-09-29,RDS-B,0.6529818204664736,0.08677282728467033
2017-04-21,UN,0.4804575499676167,0.03050038570958906
2017-07-24,WMT,0.7905153018810618,0.03689942399696858
2016-08-29,DIS,-0.22685393988722846,0.007877373319663178
2017-04-06,MO,-0.03362941908266741,-0.012708515373989725
2017-04-21,MDT,0.6383112564536906,0.021896138026595804
2017-06-16,MMM,-0.03191472385550788,0.04405581357848505
2016-10-31,SPLP,-0.6372220869395797,-0.01885160095175195
2017-03-16,JNJ,-0.4025940097104022,0.05455673352409915
2016-08-12,ABBV,-0.026810292371282053,0.03861525919870709
2016-08-03,KO,-0.013755705038009537,0.033359815007377835
2017-03-15,UN,0.29338223687021653,0.2641675347809794
2017-03-08,CELG,0.6146444071475385,0.048393419468816076
2017-02-22,JPM,0.5502349925648942,0.1022372833104087
2016-11-03,MCD,0.4933290310598841,0.03019809228675341
2016-11-10,UN,-0.3841433386948858,0.05299382687659929
2017-01-09,BCH,0.2477150501897635,0.06848426905453903
2017-05-16,MSFT,-0.2114593358659822,0.03428772419347832
2017-08-08,AMZN,-0.14397525272287875,0.03498730988739032
2016-11-02,ABBV,1.9608759511766736,0.08083072304529733
2017-06-09,GOOG,-0.21274405868406115,0.08789995886084821
2017-05-26,D,0.10067304250981712,0.02319006113813113
2016-08-24,HD,-0.037382066874126076,0.024755526402140654
2016-11-01,MA,0.14051023159641343,0.17911824597110942
2016-11-04,ORCL,0.6021310994932751,0.09516263825604464
2017-02-24,NEE,-0.0244490446541376,0.03173383359283102
2017-02-08,MMM,0.646059994868234,0.0430881185755352
2016-10-12,UN,-0.9746836995261198,0.043187221334500675
2016-08-16,GOOG,-0.13064680003091986,0.06019459834759876
2017-03-13,MO,-0.01851519615823931,0.00430795272063577
2016-08-15,TM,0.5038895962723717,0.11886602196318537
2017-03-02,PFE,-0.26838032028800357,0.015989761771792024
2016-10-17,SPLP,0.06908609973653483,-0.025569050565433363
2016-09-07,NEE,-0.4790650598749699,0.06398602074317183
2017-02-14,CMCSA,-0.055274296562020916,0.04041491158725176
2017-03-27,GOOG,0.4593516518566917,0.03390566046972644
2016-09-21,C,-0.01279843539766654,0.08823285651253625
2016-11-07,CSCO,0.27604481857741686,0.0884671858931886
2016-08-24,PCG,-0.5572284308962067,0.0719897877442376
2016-12-20,PFE,-0.30675170010981717,0.05109266963211993
2016-09-08,LMT,-0.21135028708526282,0.012488076309441182
2017-06-05,DUK,-0.048993662279115904,-0.005633346689475072
2017-07-20,HRG,-0.8566871369899418,0.026610997953060808
2016-12-20,UL,-0.04960364504739544,0.0594778660873493
2017-06-12,JPM,0.24907509134087996,0.08546439670820553
2016-09-16,SPLP,0.013931585480171305,-0.034599853991001794
2017-06-06,EXC,-0.07646035467796648,0.04108863787659375
2017-05-31,BRK-A,0.09484799760873211,0.06016743319778385
2016-10-14,REX,-0.5991941559859596,0.015002929886598917
2017-01-24,BA,0.3543627022462298,0.024521297728952327
2017-02-03,MMM,0.4474278483396386,0.035715306939408775
2017-02-16,NGG,0.380081610260291,0.03745819065662946
2017-03-17,CELG,-0.3837163747926122,0.08375596424199049
2017-03-08,DHR,0.1953017883052058,0.020214100032787452
2016-10-14,MSFT,0.7653815552717637,0.07619121963260424
2017-04-03,BBL,1.116424475692248,0.1102079152054271
2016-08-24,AEP,-0.5408630021781283,0.06063308855754994
2016-11-04,PG,-0.3557568491283119,0.07905069422236567
2017-03-07,MDT,0.27330613650964214,0.0405960822632874
2017-01-09,SRE,0.39458337326669995,0.07601509219021262
2017-03-06,TOT,-0.3800591037681157,0.06770970769046437
2017-07-11,UNH,0.09656767610203602,0.041031466728879015
2016-11-28,D,-0.26998280664327384,0.13100252679985808
2017-07-20,HSBC,0.3951557999381641,0.08825504152105872
2016-08-03,FB,0.38321153105674466,0.0385626438763792
2017-05-03,V,-0.041150804994032474,0.04694768963161239
2016-11-28,PCG,-0.7925836218546913,0.1362840737306218
2016-12-12,HSBC,-0.2575658270814178,0.08506715255064541
2016-12-06,PM,0.8546887748511779,0.13959671254421097
2016-09-19,BP,0.14303283443318965,0.08807894273204901
2016-08-23,PTR,-0.1747498716673849,0.03033089231669034
2017-03-09,BUD,0.7425270698535599,0.04753927143853075
2017-04-13,V,0.5066369413963179,0.0800395421209522
2016-09-23,SNY,-0.0836175760229286,0.04407816110323076
2017-04-27,BABA,0.07436577345527517,0.059678221231737494
2016-10-17,GMRE,-0.4273669708891494,0.029687300468034042
2017-04-07,BABA,0.5019523258656754,0.05813481065911186
2017-03-28,PEP,-0.0659140162569652,0.026764759389774476
2017-05-05,BHP,0.4075325215314334,0.05480437973678853
2017-05-09,PM,0.28210641385380125,0.05824046993126468
2016-08-03,PCLN,0.506108382944735,0.03898688201308752
2017-05-12,GMRE,0.5063567593337589,0.08665150800222123
2016-10-03,TSM,0.3613005244839999,0.1601639276254001
2017-01-25,PEP,-0.3082596984786242,0.012301254162410055
2017-01-30,D,-0.8274054922988292,0.0215932253506715
2016-12-27,GOOG,-0.11783654638584413,0.07359659962834307
2017-05-10,SNP,-0.08684383580561642,0.056280830805050225
2016-09-19,CHTR,0.811663426754715,0.12413154423482085
2017-02-13,BHP,0.15767592800781113,0.09455471746051415
2017-01-20,NVS,0.43680763884491086,0.03385843123567611
2017-01-23,TSM,0.5592034680144508,0.06641565704712259
2017-08-15,JNJ,0.19695617933582982,0.03300263432011169
2016-11-14,PTR,0.7061332268245192,0.1246534733373345
2016-12-09,HRG,-0.12945029011234963,0.14596714729681887
2016-12-07,FB,0.37958849156419794,0.10921496264382997
2016-08-04,T,0.14340173963656272,0.053819587623898574
2016-10-12,UTX,0.1670959877707549,0.06739591467861382
2017-02-17,PCG,0.6767804681263979,0.04551013161557178
2017-06-06,BAC,1.3396319954133313,0.10486407369324403
2016-09-27,MRK,-0.03519184292597853,0.05660337715040868
2017-08-14,MO,-0.1392861831485724,0.0557849660542811
2016-11-01,V,0.3063881904933445,0.1187513586848835
2016-08-30,VZ,0.5435303142512187,0.034044673071421686
2017-03-23,GD,-0.08246521625058587,0.06800821364966071
2017-05-24,ORCL,0.42376271489077244,0.019824766108395273
2017-05-10,MDT,-0.0555717156331756,0.03454144237116749
2017-06-01,CVX,-0.05185517708191273,0.03067092284756251
2017-02-06,REX,0.6010067829535827,-0.014482441154091745
2016-12-29,SRE,0.37860985006973746,0.021106636242667315
2016-09-06,NVS,-0.2586823852988148,0.01763256381394042
2017-04-17,WFC,0.3497322099680808,0.0713728176326096
2016-10-21,PG,0.5865916140641633,0.07985203896467212
2017-02-17,BUD,0.09534249879766382,0.020223024554774482
2017-08-24,IEP,0.192403959502839,0.05277550630199518
2017-05-03,XOM,-0.00399103804982075,0.04990887195492148
2016-12-07,MRK,0.7240697435837963,0.024494143342276273
2017-05-17,NEE,0.5350999650462019,0.032720576295312526
2017-01-06,NVS,-0.29885950331806727,0.08458496807005152
2017-05-24,MA,0.4424598521918376,0.06386167357567733
2016-08-11,NEE,-0.009449201243727945,0.04637799961797974
2017-03-31,HRG,0.12384043376498177,0.06018017396028251
2016-11-29,CODI,0.4718427805875905,0.05333435430143384
2017-01-31,TM,-0.4738189148729101,0.03534674701778276
2017-05-15,UL,0.4830240443807501,0.023435188775699806
2017-02-16,ABB,-0.4038786988661089,0.05802770863341604
2017-08-17,VZ,0.17463811585263056,0.15589965774182446
2016-09-13,BRK-A,-0.11715744453151337,0.14579072640510699
2017-01-05,CVX,-0.19702904170197894,0.023696466965186444
2017-08-22,BAC,-0.21092813431992,0.10273392458982157
2017-02-09,MMM,0.7084231673698926,0.04397305895493561
2017-04-24,PPL,-0.010529084045669535,0.02276959075740702
2016-11-16,BABA,0.0365803534114321,0.041697880552291636
2016-09-12,MSFT,-0.04211231677812277,0.07682654108596697
2017-05-10,CHL,-0.09490561864926539,0.02306252874506333
2016-09-22,PEP,-0.011134225621846761,0.04271482296739508
2017-08-23,CHTR,0.15516260393633424,0.17960678102794364
2017-03-01,DUK,-0.39693142039408164,0.036617468898154495
2017-05-11,EXC,0.9217150356184357,0.0019887563152539978
2017-06-19,FB,0.09397668157522905,0.04465940998056443
2017-06-28,MMM,-0.24842503414536937,0.06932848492899969
2016-11-29,RDS-B,1.4628420123061912,0.08217796392796602
2017-08-10,ABB,0.07872304062949324,0.03817930489694582
2016-08-02,KO,-0.027584764584474432,0.02253151040761449
2017-06-23,D,-0.4541542976913958,0.023349479963706884
2017-05-02,NGG,0.373389298951901,0.04665615989011582
2017-03-29,PEP,-0.08735609980586356,0.03679994837983876
2017-08-11,BP,-0.45153814330097414,0.07427028990519717
2017-05-26,DIS,-0.35175321275171756,0.0015917777182834977
2017-03-09,ORCL,1.493264664127321,0.03227660019046005
2016-10-19,MCD,0.15221343205552137,-0.007008114512698921
2017-08-04,BABA,-0.213752158268933,0.058709268752642
2016-09-16,BUD,0.9551476066630856,0.10065871753864038
2016-08-22,PM,0.02794491549699889,0.0801542427811704
2017-05-26,C,-0.26597826787191675,0.11736323150080862
2017-03-08,CHL,-0.0913645830540124,0.008884877081718132
2017-03-24,WFC,-0.06099092661088166,0.09167518399652834
2017-01-24,PCLN,0.15039356563343867,0.017120052231133567
2017-08-14,PCLN,-0.7881320017810844,0.0857849738614473
2016-09-02,ABBV,-0.012481796705125437,0.011928595618339852
2017-05-25,MMM,0.7050747295472533,0.0425582572618244
2017-02-24,TSM,-0.6819200614484708,0.05611215264221665
2017-05-01,MA,0.041204091915937546,0.06261661728556639
2017-04-21,ABBV,0.6535730915999898,0.025440744494918663
2017-02-07,DIS,0.24256059706861682,0.0343922577206463
2017-08-09,EXC,0.40140601332422604,0.05742457283534444
2017-01-12,VZ,0.01518039986373394,0.06347550943650622
2017-07-07,CODI,0.05641746835044712,0.03978034249474062
2017-03-06,IEP,-0.14000600378985673,-0.011158817158247035
2017-07-18,PFE,-0.1564877998505171,0.032415282838438794
2016-10-26,GMRE,-0.95626853815168,0.012068536691439383
2017-05-01,NGG,0.5912342604228954,0.04617400409901136
2016-12-05,MMM,0.9134424719714254,0.05290095383624993
2016-12-09,MSFT,0.10621940390799298,0.08550685702665052
2017-06-09,BP,0.09466670209735058,0.05343422138365553
2016-12-20,PEP,-0.053457777212217825,0.03323202962109954
2016-11-11,HSBC,-0.10734513000040871,0.05370449179977543
2017-05-08,SNP,1.0702260434516757,0.028015257151094722
2017-08-07,XOM,-0.2945043554964079,-0.018264275764237538
2017-05-01,UN,0.6225931804513548,0.0415681163596264
2016-10-21,AMZN,-1.0701409244724875,0.09190601206160352
2017-03-13,BSAC,0.838927797369535,0.07691104185792959
2016-11-02,V,0.6495504532677463,0.1365833567850115
2017-01-27,V,0.5440450509109301,0.027082423807951603
2017-01-11,BP,-0.34923391426467487,0.06014818137570642
2017-03-24,PG,-0.15962736884525525,0.008396994634962074
2017-06-16,SNY,0.6594464954224162,-0.004820951053947468
2017-01-25,SNP,-0.43598400327403103,0.08117314569779764
2017-04-28,GE,0.1580499708736242,0.0264591948516643
2017-04-12,T,-0.09886319228491593,0.011458689745288991
2016-09-27,CVX,0.45744757204862563,0.08691826158073253
2016-09-06,MDT,-0.5418616584988187,0.03667197494942734
2017-06-29,GOOG,0.017426655669077105,0.12478846659279601
2016-08-08,MRK,0.1458253833898404,0.1606561415527602
2017-03-06,PTR,-0.6534253069871457,0.047732686805270555
2017-07-26,DUK,0.3031964246282464,0.024454001847742074
2017-06-15,ORCL,2.3695822685488723,0.01763650335732174
2017-03-23,KO,0.20290411184603166,0.027104275413009943
2016-11-08,EXC,-0.7684779571167321,0.06619274309110078
2017-05-04,BSAC,-0.21757619981844742,0.07175061315909358
2017-03-28,ORCL,-0.04480296432978502,0.10178874251234786
2017-02-13,IEP,-0.6763345477739415,0.025011466553156864
2017-03-17,AGFS,1.1464456221565704,0.21630495666437605
2016-09-06,JNJ,-0.36064327682154296,0.012780242097522806
2016-08-15,CSCO,-0.3623546170412417,0.0504844903051091
2017-02-22,SNP,-0.35749117386222984,0.07414834201300398
2017-05-10,PCG,-0.3520031965779301,0.012428269143069728
2017-04-06,BCH,0.07814115436581234,0.11069176608713986
2016-12-15,LMT,0.1708233615517305,-0.0023082811721736804
2017-02-14,AMZN,0.4543923579564727,0.057976567231076706
2016-10-07,HD,-0.29678879245100365,0.05895122181090086
2016-10-06,SPLP,0.027854878597526646,-0.032335023043172845
2017-04-05,UTX,-0.04627580618593301,0.07130429274397919
2017-07-12,GE,0.2690630963328537,0.051105333579793355
2017-02-27,BCH,0.11845022623324138,0.037148990952653935
2016-09-12,CAT,-0.009765671201493863,0.06430523285773157
2016-11-25,JPM,0.6907107867842976,0.055069910047713846
2017-07-12,SNY,-0.8695195892307563,0.0353722235654189
2017-05-18,ABBV,0.20917205739887385,0.04995742393774548
2017-03-27,DHR,-0.09797079408919579,0.045847793907181245
2017-01-20,UTX,-0.19774378426043449,0.05353278045135568
2016-08-19,PCLN,-0.17126135433572348,0.08562860237439752
2017-05-12,GD,0.028611052147872008,0.021324617077007654
2016-11-25,CSCO,-0.566265210819671,0.06920606939624804
2016-09-23,PFE,-0.22897861412309867,0.04638246038408109
2017-01-10,GE,-0.08945875855014458,0.039505426080060246
2017-07-07,TSM,0.9143798801931441,0.12660698470326265
2017-03-16,HRG,-0.5436801061391012,0.05865700658063737
2017-03-24,XOM,0.1911302285464555,0.07071280190494529
2017-08-02,CVX,0.07770607893517964,0.03045990051477239
2017-01-17,SO,-0.4559512506722986,0.010926673088388072
2017-05-17,MMM,0.2701860641275746,0.060110077519120717
2017-07-31,ABB,-0.11950440763737036,-0.0024563581901771436
2017-03-22,DUK,-0.08233604163060926,0.02402788924684511
2016-09-27,SRE,-1.0357927300979715,0.135142981325985
2017-01-25,EXC,0.056499347817410325,0.036807715288041665
2017-05-12,AAPL,-0.39333823528618145,0.05613173475045745
2016-12-13,AAPL,0.30327120729834695,0.04419899136140841
2016-08-04,HRG,1.0931682507572793,0.12282168074540877
2017-01-23,MSFT,0.6777115070908809,0.011938776635118137
2017-05-03,LMT,0.15812685544947325,0.02852415999228866
2017-01-09,ABBV,-0.5449171822987342,0.01805982448063828
2016-08-17,DIS,-0.21796954354302,0.009205303070015214
2017-05-31,UTX,-0.24890371460750177,0.04982650957415177
2017-08-24,TM,0.13499198433189058,0.09408897722444536
2016-08-12,AAPL,0.2169736765769788,0.10649391399109694
2016-09-07,WMT,-0.1504394756924884,0.027009873059945302
2017-08-17,ABB,0.16518242124687452,0.07016256896188834
2017-05-16,XOM,0.007266266625811713,0.030128744583432662
2016-10-24,C,-0.17421330497426268,0.0930783003735663
2016-12-14,SNP,-0.26258634399433783,0.08129856702912715
2017-01-26,PPL,0.49937974519600925,0.03928826258685507
2017-05-04,BA,0.24734691314050505,0.05740862140018593
2017-07-12,BP,0.09155852181257272,0.052051232179457674
2017-01-11,HON,-0.016956314218241408,0.048929027858577
2017-04-25,BP,0.05186416638603806,0.04100495293668477
2017-07-03,PCG,-0.17448644347679454,0.0990383712618055
2017-07-24,SO,0.2857785976517789,0.034044889718570795
2016-12-21,UL,0.14862317490377544,0.06403029566705283
2016-12-21,IEP,0.7755145766243615,0.10350628647057049
2017-05-19,DHR,0.5428463397722337,0.022060685772448643
2016-12-13,JPM,0.4133472755496518,0.053699720870171996
2016-10-28,BBL,-0.600483550828281,0.09649669848276034
2017-05-03,PEP,0.18697702719624287,0.040758496887585025
2017-02-06,UPS,0.4549047847010662,0.08474143496116159
2017-02-23,CMCSA,-0.10652660266646574,0.04862280110729644
2017-06-29,VZ,-0.16267881887244043,0.06247212713662484
2017-03-08,PTR,-0.1354102434110822,0.0671614287634927
2017-03-09,MA,0.33653378728465366,0.0343791502865531
2017-07-31,TM,0.22734545188643346,0.058346340102304065
2016-08-17,MO,-0.09048122116567438,0.022826519285217825
2016-11-09,NVS,-0.5734964237314328,0.06286014402179493
2017-05-05,KO,-0.04582871981958601,0.02404117793921355
2016-10-19,HON,0.21314017402289176,0.10901117055505859
2016-10-17,ABBV,0.3232805899466065,0.04046613641997507
2016-11-16,C,0.7402931103703353,0.09946848454010083
2016-10-21,MRK,-0.7865051499943831,0.0776223589978741
2017-05-12,MRK,0.065959329772904,0.05174737793902637
2016-11-16,SPLP,-0.07155787977507988,-0.03550792134305554
2016-11-02,HON,0.7065312369124659,0.15651381371178558
2016-08-10,PEP,-0.0644319874586594,0.03431454717115076
2016-08-01,JNJ,-0.28107272662467697,0.006255810762104075
2017-02-15,CVX,-0.27729746033581454,0.044797958864673304
2017-07-11,REX,0.10496592249001398,0.054473460933347165
2017-03-13,BABA,0.38978779293856075,0.03787358021191277
2016-11-28,PPL,-0.5341578181750102,0.13760515929488343
2016-12-09,ABBV,0.21978091613173664,0.0806028385561333
2017-07-14,ABBV,0.4115472192347953,0.029709972387957362
2017-01-26,BA,-0.8281696431084367,0.07327322737417598
2017-06-07,BABA,1.6829715926344477,0.05103904499131513
2017-03-23,AAPL,0.422694298546184,0.04767276728267619
2017-05-24,CHL,0.18931284150898234,0.0274581379473698
2016-11-02,PTR,0.3160369108193832,0.17878480250235523
2016-10-04,AAPL,0.5757046877039115,0.12631220119296183
2016-12-01,SRE,0.04624792663496909,0.19507479634323338
2017-07-12,CELG,0.21447956675038152,0.12911918961535923
2017-04-20,NVS,0.9133508908707689,0.04269394684132437
2016-11-01,UL,-0.06654204147724825,-0.00889560598758387
2017-04-24,WMT,0.11999411986292803,0.03845744292474951
2016-10-18,NEE,0.06543250860013901,0.10632504542197581
2016-10-31,IEP,0.004174243622953577,0.004137107212880367
2017-01-04,UNH,-0.002469692376218724,0.027451887730119154
2016-08-10,AMGN,0.47248464035013543,0.04084541189505998
2017-08-25,INTC,0.24082975169908494,0.07733409589754094
2017-05-10,SRE,-0.19621340670709636,0.039825290734417054
2016-09-26,CODI,0.3712395855102113,0.029694961776579556
2017-04-17,AMZN,0.11981870944355433,0.1057142971952476
2016-10-20,PPL,0.05946776937215424,0.10016429945211243
2017-03-24,BAC,0.40249582081633867,0.12909480609501528
2017-08-08,TSM,-0.15317525847804375,0.041633338252734256
2017-04-10,SRE,0.33162280966851715,0.030938281343845492
2017-03-10,BHP,1.3768648750670927,0.07531051167969853
2017-08-14,PICO,-0.6697745926856352,0.031276677345137505
2016-11-03,MDT,0.2726449532258798,0.06407797266544585
2016-09-29,TOT,0.23372555495214234,0.12945498902448693
2016-08-17,HD,-0.16076122986534555,0.01054540599139328
2017-01-24,ORCL,0.00498807429537641,0.03354041114792301
2016-11-08,BCH,-0.9372723853635561,0.10624899611803378
2016-11-25,HD,-0.15418862667733702,0.06179938984196741
2016-08-01,PICO,0.380201544499469,0.062309762300249774
2016-09-09,UTX,-0.5089525755982425,0.09702061175112191
2017-05-26,BUD,-0.015196252155798567,0.08621908147020786
2016-09-13,MMM,0.17304157588697536,0.11808258526885528
2017-05-04,TM,-0.42964763361996194,0.09148227364736229
2016-10-10,UPS,-0.18795295138584106,0.04458484226744586
2016-09-21,NEE,-0.2139057580945971,0.08060413009835592
2017-03-21,EXC,-0.16194674723666846,0.024303575756577142
2016-08-12,VZ,-0.452423842927933,0.03862029490835889
2017-03-20,UN,0.1906289451531729,0.10537877991403184
2016-12-16,JPM,0.4907511274340875,0.07394165977787866
2016-12-28,IEP,0.061236023458726495,0.16548448270370292
2017-03-07,CVX,-0.8122663304698594,0.047849742068748716
2016-12-30,PM,-0.03938799447388095,0.03114130166700982
2016-12-20,C,-0.2515759932640413,0.06557183414679925
2017-02-23,T,0.05712871640969832,0.014473523763821036
2016-08-26,SO,0.29169154380596235,0.0868492744970523
2016-11-14,WFC,-0.41771076125812356,0.08353839480285562
2017-01-24,JPM,-0.021259590331968427,0.06802381271263634
2017-08-25,ABB,-0.04294526114206644,0.07099894896872193
2017-04-03,AGFS,2.8131395000829804,0.5592014221740957
2016-12-30,UL,0.23934773474062226,0.038589812212879604
2016-09-22,KO,-0.4377176600784449,0.04610273231771651
2017-04-19,WMT,0.3638894240882546,0.031598887790126845
2016-11-15,KO,-0.033812720630384194,0.13774289023547603
2017-01-25,BCH,-0.25471010304818176,0.0243563325110438
2017-03-06,PFE,-0.14022676831528344,0.022143895595844357
2016-12-09,VZ,0.3006985520254891,0.07938669546950415
2016-08-31,WMT,0.10888876667063832,0.010312456147597127
2016-10-21,HSBC,-0.19979130681804047,0.07751545613467108
2017-01-18,DHR,-0.039455101127651916,0.04390999739841053
2016-11-01,PFE,-0.5024270414068471,0.04465298095701235
2016-10-14,MA,0.38679892722127784,0.09873556542897578
2017-08-18,SNP,0.6064346479751709,0.05561020375941095
2016-09-21,UNH,0.07134682715961614,0.05077515725592134
2016-11-09,LMT,0.7655597392883061,0.07446151688192983
2017-05-25,DUK,0.2660162337848069,0.0020733022218741987
2017-02-02,ABB,-0.7752903716505349,0.1266367148547306
2016-10-25,PEP,-0.09722646027267803,0.10005194191789667
2017-01-31,HSBC,0.1076907521064546,0.06573711813647558
2017-03-27,BA,0.06236563282406492,0.058013101481959664
2016-12-22,SNY,0.4501318413277403,0.048769189966078416
2016-10-12,ORCL,0.15707070317236543,0.051022056532208995
2016-08-03,BRK-A,0.4319028396408838,-0.013809663588073999
2016-12-23,C,-0.13159953409607258,0.08753499769431157
2016-11-23,CMCSA,0.25933109502225016,0.06686634021060434
2017-07-20,TSM,0.044273400599547194,0.07262299119005451
2016-09-09,JNJ,0.0033827278927507365,0.04804784555008529
2016-09-02,ABB,0.1614363128566238,0.06797787174434343
2017-07-12,KO,0.14327529372580342,0.06251956328025089
2017-02-28,BAC,0.4858199951247265,0.14370148418763506
2016-09-09,GMRE,-0.19704246256541463,0.0012663379857430837
2016-11-15,WFC,-0.14120861340962781,0.10701792578979642
2016-08-05,TOT,0.3210744968179319,0.07914904460784437
2016-12-21,PG,0.01660359277266542,0.017394292557617763
2017-08-16,PG,3.6193270602780105e-15,0.041436131939949314
2017-07-12,CODI,0.29536686409305185,0.05142207585113753
2016-09-09,MSFT,0.36666190375258045,0.11062230220961246
2016-08-10,BP,0.7083059232598689,0.029152142559136257
2017-08-22,PFE,0.21005323734652062,0.03995759956222576
2017-01-19,MSFT,0.6226288629622492,0.017415797532919566
2017-06-12,CAT,0.2659721704654429,0.0900008401188958
2017-08-18,HSBC,0.1850688245443527,0.08176744123404052
2017-01-19,MMM,-0.20928149166852655,0.044867215061842644
2016-10-10,CMCSA,-0.23242103145249343,0.05348172938456894
2017-06-26,UTX,0.034433406105011125,0.03744318184484692
2017-03-24,NVS,-0.026912275320201684,0.04731456129221648
2016-09-20,SO,0.2667207311213512,0.08595196785173527
2016-09-22,CSCO,-0.17129580353548043,0.08053508967732055
2017-06-12,ORCL,0.3886189638247184,0.03581207107978095
2017-04-21,SO,-0.07215870756995307,0.017616399116953882
2017-02-15,CMCSA,-0.34233731863748584,0.04060520027014859
2016-12-29,KO,0.06719840472403818,0.01996715719533433
2016-09-21,PFE,-0.16991257837395007,0.053525293288217604
2017-07-11,AMGN,0.47436583490161216,0.06824416597002043
2016-10-19,AMZN,0.1194927570761477,0.11037257075308964
2017-05-02,BA,0.37479307076469764,0.05523606463864007
2017-02-07,BUD,0.5705861399738484,0.01944707336284421
2017-05-11,ORCL,-0.44331797716739124,0.014597864384256656
2017-01-23,D,-0.08485816242660023,0.02220819042706701
2017-04-11,CSCO,-0.1647086843663878,0.0403457259597772
2016-08-02,T,-0.03710340813639203,0.0587826361175965
2017-01-18,MSFT,0.37407799083056215,0.03075052764075928
2016-10-26,UTX,0.10466618598814356,0.09805453080685451
2016-08-30,NGG,0.632183265310192,0.06963879404045942
2016-10-31,CVX,0.3969874854630656,0.08607479783111639
2017-02-15,CHL,-0.17066804312507536,0.02357878325925203
2017-03-03,GMRE,-0.8349456697995341,0.07203362235030099
2017-01-24,SRE,-0.054616295870468526,0.0550285900576913
2017-01-26,BSAC,-0.5384749801444328,0.014904033912369788
2017-05-08,UL,0.35285033472243404,0.020034625045816087
2017-05-03,DHR,0.09637382128358958,0.045718769627802205
2017-07-26,PG,0.3859491977025143,0.033126015172237455
2017-01-03,NVS,0.3484510844165882,0.0742280455383859
2017-02-23,C,0.0032998318506441303,0.11590810913829684
2016-11-07,MMM,0.3700665799839085,0.08048349999360795
2017-01-04,NGG,-0.09397008313595914,0.013209799457560178
2016-08-25,TOT,-0.11691213679854742,0.09048986676635347
2016-11-14,SNP,0.1769001104941111,0.11208011657850116
2016-11-07,WFC,3.178442926187959,0.06586501188108751
2017-07-14,SNY,-0.19605997237352785,0.03860696403828341
2016-08-11,BUD,0.3516267450459187,0.09631335380416232
2017-01-04,NEE,0.05702676302598429,0.03603373944208407
2017-03-17,PM,-0.0320371867036733,0.03555301191341684
2016-10-13,PG,-0.610838675020931,0.07206265808234068
2017-01-17,MRK,-0.08802691966460441,0.069658070219312
2017-07-19,FB,0.17831833060954122,0.09108262864889542
2017-07-17,C,-0.2196679064244343,0.0650812923100818
2017-06-13,D,0.20805892925901698,0.019100065768409127
2016-08-29,MA,0.41112167215311735,0.06453591758451915
2016-10-24,BP,-0.17922475397485477,0.07310179932926429
2016-08-29,HON,-0.2507756965438867,0.01991982636917257
2017-05-12,CMCSA,-0.06681360189806505,0.05121138980060788
2016-12-19,TSM,-0.11649731071342129,0.0591855435188529
2016-11-04,DUK,-0.5324544219474585,0.08817526967678045
2016-11-02,RDS-B,0.42438307753558585,0.12659447958644676
2017-01-23,BHP,0.14825780061606184,0.13305244899040053
2017-06-13,REX,-1.4345811053704398,0.07773492737701361
2017-01-03,CMCSA,0.534429561101846,0.010918362641378729
2017-07-12,UN,0.3332823041324301,0.03242962984937649
2017-02-02,NGG,0.6243092516140867,0.04939253348151236
2016-10-26,PTR,-1.1229792528456888,0.1819266750136026
2017-08-18,CELG,0.31555328186118803,0.04466400119132506
2016-08-25,ORCL,0.029178694338143157,0.016733234114191753
2017-02-06,NGG,0.5931141575905391,0.049761517379912745
2017-05-22,MDT,0.20610387604295383,0.04183065519585112
2017-07-03,IEP,0.06264589499706766,0.07433814915958271
2016-10-24,BABA,-0.5451616386840517,0.038087533726384085
2017-07-19,GMRE,-0.10723886282770141,0.12615217524324496
2017-04-07,PCG,0.13978841344286352,0.026895937273827386
2016-10-18,BAC,0.5579468711609475,0.09253271340126244
2017-08-14,SLB,-0.2993357517149257,0.01340141513511886
2016-12-01,DUK,0.5370567133471382,0.1650702492586154
2017-08-21,INTC,-0.15523780683325855,0.09509982769998819
2017-06-20,HRG,-1.0298438443940285,0.11997370324930122
2016-09-09,MDT,0.2668555359989614,0.057826247690203905
2017-08-08,MDT,0.18050093042871382,0.009868431192584792
2016-12-13,MSFT,0.17704890820882582,0.04754726173913065
2017-06-28,SNP,-0.3599093941446488,0.05754586527158456
2017-03-30,BCH,0.14632255729191873,0.11716605284670668
2016-08-22,BABA,-0.16165626330599678,0.16502193788222752
2017-01-20,RDS-B,0.020695577178950854,0.030944615913886336
2017-05-04,BABA,0.7288329401037524,0.07050650660683609
2017-03-14,NGG,0.8596467912143584,0.008298897091579355
2016-12-28,BBL,0.6730049550217727,0.05978093453696724
2017-08-02,GOOG,-0.16165913854203623,0.04261033920534224
2016-08-11,V,0.07208317440529462,0.033411068503077165
2017-06-14,GOOG,0.18197081679729304,0.08043190305679428
2017-08-25,SLB,-0.00855128949628552,-0.003240399358823358
2017-01-19,T,0.3721278355204888,0.0401442554513151
2017-05-26,RDS-B,0.007098531977666323,0.06431107210207208
2017-03-21,PFE,-0.05262455136980641,0.05731325643449105
2017-05-30,T,0.09316931350583722,0.014265496893660842
2017-05-12,AGFS,0.057306629465734726,0.44825765992944944
2017-02-08,GE,0.6156384588077067,0.04415381770610516
2017-04-06,UTX,-0.057016694478714026,0.06476873203822076
2017-05-19,PTR,-0.16163503463184958,-0.014626360793753915
2017-07-13,GD,0.22357704615952323,0.033219534185296426
2016-08-22,EXC,-0.22196716073517564,0.03152155858741619
2016-10-03,GD,-0.1374403624855366,0.07270960380950432
2016-08-23,PPL,-0.430000809894967,0.05649453106234763
2017-03-16,CHL,0.29656730024578754,0.0217117692588617
2017-04-27,REX,0.04764702553616753,0.13896919667053176
2016-10-24,BCH,0.9088626800391948,0.04422887267918975
2017-06-09,PEP,0.15807612750328343,0.015567108530698315
2017-07-19,HRG,-0.1268369737677208,0.018020714731351084
2016-08-30,BABA,1.275139316055019,0.15889458843689896
2017-05-25,AEP,0.521393044848355,0.012602632181007184
2017-01-20,UPS,0.5372569202675781,0.023805086900505895
2017-08-03,PM,-0.04722086950390414,-0.011346173884811142
2016-08-25,CMCSA,0.10042178722321815,0.0036565212881630796
2017-06-02,AMZN,-0.5727224516528973,0.04790277838169814
2017-03-24,CODI,0.24242820654211178,0.04742273748414505
2016-10-12,NGG,0.25486178307873236,0.03860135856720051
2017-03-02,PEP,-0.19897055780640532,-0.017172545729399614
2017-08-17,UN,0.13987400295762112,0.034138711787036424
2017-03-09,UL,0.5637604907115984,0.23509216548800393
2016-09-13,KO,0.02836399962528341,0.12020401824822317
2016-12-13,NEE,0.04699735770599145,0.0032751538777539696
2017-06-08,UTX,0.13461293378903033,0.026635505932856532
2016-11-04,WFC,2.9660815910512315,0.10197096130510637
2016-12-27,CAT,-0.20837849785928877,0.028748753107058295
2016-10-13,WMT,0.14602926678712394,-0.0024366608919732663
2017-08-24,AAPL,0.5853105489184756,0.1399477101579757
2017-05-04,BBL,0.8866461635170332,0.07241579675872047
2016-09-16,SNY,-0.04167859175311898,0.0457627361442523
2017-04-10,BSAC,0.0804189241723829,0.11186641748547842
2017-02-02,AEP,0.072225419280777,0.04816231773969644
2016-12-01,VZ,0.49903840521233,0.11477442740034462
2017-08-03,MA,-0.34478273106997,0.04778149374788371
2017-07-28,NVS,0.051850370474998006,0.036304124941799895
2016-09-29,UTX,0.20084875750689943,0.08202766086587522
2017-01-26,HD,-0.2193145783933778,0.018452124607652914
2017-05-11,PICO,-0.3592923079652284,0.13569413839850852
2016-11-08,V,-1.0680760053947922,0.08881218683351925
2017-02-28,GOOG,0.21025741101569975,-0.00824728947290218
2016-12-14,BABA,-0.4300768643610972,0.053418219894930896
2017-03-22,DHR,-0.1302215552606826,0.049702650725213154
2016-11-07,ABB,0.25684184501468404,0.11157846382430693
2017-05-12,ABBV,-0.1458505684748287,0.026044034734737403
2017-03-20,REX,0.8543315386321163,0.08040750892061195
2016-08-26,XOM,0.03434592711216734,0.04573140222166261
2017-07-21,TSM,0.0055796961117645875,0.06858490275039564
2017-03-24,BBL,-0.05770159476046395,0.1406098667248843
2016-10-17,MO,0.7914359263838056,0.07259571338602384
2016-10-24,MDT,-0.30970868071500235,0.0498122116814574
2016-12-19,D,0.04177994353830566,0.04754466328813406
2017-02-21,RDS-B,-0.23138360297434257,0.025277971644840275
2017-05-01,BCH,-0.2542233472472938,0.052126299429443565
2017-05-18,UN,0.8603872972076649,0.04093730977838804
2017-03-08,T,0.3888199596053801,0.01625366617148366
2016-10-19,LMT,1.4732416679302909,0.0025366965458844537
2017-04-27,AEP,-0.023509993104372406,0.01806961439853605
2016-12-27,KO,0.019216230735906382,0.04277013111236924
2017-04-21,REX,1.5590020087253467,0.19486000168114942
2016-11-02,MCD,0.4556639536901397,0.030376163876674578
2016-09-30,PM,-0.248398791176148,0.09468642724136896
2017-08-15,SRE,0.25183180901407776,0.047931842237050076
2017-02-03,C,-0.045062748699692665,0.05465963534431541
2017-01-18,INTC,0.5579773398805365,0.05247871132012891
2017-08-21,PM,-0.12252490918669885,0.05693403018192303
2017-04-17,HSBC,0.11790733947511356,0.06516568292027168
2017-02-10,AEP,0.04997686354742072,0.0335654084608296
2016-08-05,BHP,-0.03226426133485072,0.09579202476556202
2017-06-02,BCH,0.020643015104662838,0.059682015001227356
2017-01-26,IEP,-0.6935163564196625,0.04668483407374993
2017-06-19,JNJ,0.3357934859086013,0.017148232040390274
2017-07-12,BSAC,-0.26753695323471965,0.05337903529675271
2016-08-08,BABA,2.676214895570933,0.0332411979207491
2016-08-23,V,0.09137577533793495,0.05395186673080808
2017-07-20,PPL,-0.06286175862804122,0.03876420952706067
2016-12-27,TM,0.29928283004043593,0.06380784356243781
2017-04-17,MO,0.06627140054559107,0.011399257060752205
2016-10-24,AMGN,-2.3499925043281937,0.006059044639742023
2017-07-05,DIS,-0.0898536159786247,0.05200822584190451
2017-07-17,AMGN,0.4084280858376581,0.0865282527581908
2017-04-25,MO,-0.4467577326584027,0.0218411764138373
2016-10-18,GMRE,-0.47161779678180665,0.043123168683045235
2017-08-11,BCH,0.2951400197121783,0.056731216363650125
2016-12-01,PPL,0.23711889299567052,0.17114075756874353
2017-03-08,KO,0.23757439405339528,-0.0014809223993914947
2017-08-25,CHL,-0.024024055905411686,0.07015952319566303
2017-04-28,NGG,0.38171912687645093,0.05116920115433653
2017-03-27,MSFT,0.1377744375325174,0.06182659750047227
2017-07-20,WMT,0.9655273978935803,0.02699918633633383
2016-12-20,BCH,0.060856962323768374,0.04892915650563262
2016-11-11,SNY,-0.49836210920903684,0.12721553415091608
2017-05-04,MMM,-0.27860911844644676,0.04031168723112205
2017-08-01,HD,0.46176284895431063,0.03263726044830367
2017-04-19,PCLN,0.4588524663529407,0.05082874174532165
2016-12-22,HD,-0.20036500720320252,0.05562239837128187
2017-06-22,DUK,-0.5284784829795168,0.03172930568427239
2017-01-10,PTR,0.20952776219717442,0.18482978607398665
2017-08-14,T,-0.48372388177246145,0.08770014871799826
2016-12-27,EXC,0.050781480188985005,0.09675998672539494
2016-11-18,NEE,0.5364562131408425,0.15952275955082057
2017-07-31,SNY,0.25595649339439647,0.03368228513606032
2016-12-06,PICO,-0.6734643021317571,0.16466393193679885
2017-01-27,ORCL,0.0991826262978062,0.02614333975957482
2016-12-22,KO,-0.04337103567207171,0.029488215550155128
2017-03-31,PICO,-0.5797507374650503,0.11773261203039824
2016-10-18,BBL,0.5708123766432658,0.11211683808603874
2017-07-10,BBL,1.1394164075063837,0.1152487250655825
2017-02-13,VZ,0.3592673187444628,0.02190391947064607
2016-08-25,NGG,-0.43335494078509484,0.04121072498452043
2016-11-16,SNY,-0.8585849722326223,0.12998196554491026
2016-11-17,MDT,-1.5975943671022956,0.06891836042241423
2017-07-03,BABA,0.6723077854187263,0.26800605895276297
2017-02-27,SNP,-0.3292163206261329,0.06856054094686607
2017-02-09,V,0.46119667766656114,0.0838188966577469
2017-05-09,JPM,0.19729584507033887,0.07997292776130162
2017-04-20,JNJ,0.30455267358767335,0.02947723685351883
2017-04-13,ORCL,0.1945069713502774,0.03387305395049316
2016-12-21,BUD,0.24556629232412125,0.06189859697332911
2017-02-27,SPLP,0.5063572992869695,-0.006256551755076098
2017-05-02,MCD,0.4384093148582635,0.08017957557142956
2017-07-11,JPM,-0.3828288675374592,0.09170001136304594
2016-11-01,RDS-B,-0.2039509083377284,0.0781876092225187
2016-10-06,BP,-0.15077910576357229,0.09334144202557225
2016-08-12,MCD,-0.7692915048480917,0.02560382236846709
2017-02-10,HRG,0.4890752658945375,0.12593474999654275
2017-06-22,JPM,0.9273702514790344,0.08874759395696948
2017-05-16,CAT,0.25052497340982716,0.13862314100099182
2017-04-06,SPLP,-0.4244180597889168,0.06386141682597653
2016-12-13,CODI,-0.2247202564977016,0.05657899712113995
2017-06-15,WFC,-0.5301569146615006,0.06254420890179478
2017-02-21,CHTR,-0.12897075134654865,0.10403824472342103
2017-08-10,HRG,-0.41602633300458225,0.014803461850188382
2017-04-27,EXC,-0.4587239274046496,0.014588939530460837
2016-10-26,WFC,-0.23236484539616836,0.06682861214123882
2017-02-17,SPLP,0.28694898463106044,0.03948351823191569
2017-05-17,NGG,-1.1146777531003138,0.056999657582403135
2017-07-07,CHTR,0.6143572231702203,0.07778334925229864
2016-09-19,BAC,-0.6519481945781638,0.1328992296039747
2016-08-17,BCH,-0.041359245193324,0.04836552397372419
2016-11-11,LMT,0.30023896131563144,0.09431427262138788
2017-03-30,RDS-B,-0.021374533424806174,0.06865901138142626
2017-01-11,AEP,-0.15252690121343254,0.05697772218499016
2017-02-22,PCG,0.3338268860368795,0.045745232058208796
2016-10-14,TM,0.031255607241566244,0.10278463530108968
2016-12-05,HON,0.7869364281356654,0.004120080728876416
2016-08-08,GD,0.7018708231676929,0.03593657463120421
2017-02-01,HSBC,-0.09371870855377028,0.07063968352487672
2017-06-15,KO,-0.07971666886756583,0.01780598158049987
2017-04-03,BRK-A,-0.01604793708445208,0.0604551006999912
2016-12-27,REX,-0.356211603653687,0.10812051560031487
2017-04-20,WFC,0.3483493289140217,0.08149715682099985
2017-04-10,BABA,-0.08433045284843636,0.05977613208950182
2017-03-13,MRK,-0.012474337194357565,0.013359278565482899
2017-05-25,GD,0.25791455267333496,0.05438309005919094
2017-03-10,TM,-0.08004724413427197,0.03719342923308429
2016-11-11,TOT,-0.13922173128284035,0.09103222347179378
2017-03-08,TOT,0.44199559070389666,0.08744524723844148
2017-03-27,ABB,-0.11156469350729674,0.1073982291426631
2016-12-23,TSM,0.17820627037240402,0.08405886300428637
2016-09-09,CODI,0.3317617760574186,0.01584437969028976
2017-07-24,CELG,-0.35572641331746574,0.07064714957937453
2016-09-21,UPS,-0.07491689761334856,0.05254313569128996
2017-06-07,ABB,-0.09508655183161963,0.08914506616362496
2016-12-06,PTR,1.4419414260247403,0.09088993236366193
2017-05-12,BRK-A,-0.025299413734085997,0.01292871134321838
2017-02-02,TOT,0.0912776663108645,0.08167330196860596
2017-01-30,AAPL,1.3755829158092923,-0.0027701168890192363
2016-08-17,MA,-0.012556377770592552,0.0722279801259136
2016-08-11,AEP,-0.09473091098360427,0.04072906949622504
2017-05-30,CAT,-0.175222370694359,0.10013099687519518
2017-08-23,BAC,0.19442076684180418,0.12067026646097358
2017-05-08,BABA,0.7622849883264726,0.055414658743489054
2016-08-18,AMGN,-0.5241168786874265,0.05346913766942564
2017-01-03,DUK,-0.319013454995034,0.02382815345590701
2017-07-13,SRE,0.4342789513273512,0.07998742506048952
2017-06-21,IEP,0.2838035003798778,0.045545546835409095
2016-08-05,INTC,-0.2358049306582966,0.07544462908790626
2016-11-18,CODI,0.4755806862084023,0.0346649953118688
2016-11-28,UTX,-0.19085534625954034,0.05662054486081891
2016-09-30,BCH,-0.19410293254673586,0.0563905173298936
2017-03-21,HSBC,0.2007606901578732,0.0726368349674537
2017-07-18,SRE,0.09957435264140138,0.06891958997320843
2017-05-03,CHTR,0.06706958081791173,0.06546589116013603
2016-10-03,V,0.06265825958732932,0.10488983468388062
2017-05-12,BSAC,0.3254818338902321,0.04159655847128993
2016-12-02,BAC,1.6796868032204653,0.14049748394369976
2017-08-02,TOT,-0.1088434162661415,0.0341002589210828
2016-10-24,TSM,-0.19837049574671028,0.11733659304741566
2017-06-02,INTC,-0.3387569827298526,0.000405865840591324
2017-03-02,SNP,-0.17075179960921386,0.05405626267786058
2016-10-20,PM,0.043898168421337244,0.10882295552789419
2017-06-02,UPS,-0.11923547965225204,0.04620246958393183
2017-07-25,INTC,0.9463903667077513,0.09837537274630616
2017-04-25,VZ,-0.34122441207930054,0.021115116801916023
2017-05-16,NEE,0.4453363399594048,0.03614406525029597
2017-08-02,BP,0.19882852604211204,0.03385815858844261
2017-06-05,MA,-0.8336556687502703,0.06680799184855729
2017-07-25,PG,0.4349925202382785,0.046902267846458595
2016-08-31,REX,1.1451014945472848,0.20313367411987404
2017-05-23,KO,0.4807715870310342,0.03335399474612269
2017-05-31,UN,0.21720380607013628,0.03328572089733858
2016-10-20,MMM,-0.48867115351627727,0.08070927587318504
2016-12-20,MSFT,-0.1738734566295461,0.08234664352977493
2017-03-15,SNY,0.21607222648349333,0.011622150165366732
2016-09-23,HD,0.138808075475251,0.03718156460976364
2017-04-20,GE,-0.8021284933887353,0.04741649840830095
2017-05-24,KO,0.33473737075724835,0.020538933908513315
2016-08-30,UPS,0.018277546712016216,0.011818692054126625
2017-02-15,HON,0.1936448023724046,0.03344338380469562
2017-07-28,UN,0.20149260221601306,0.03409120842735676
2017-08-23,SRE,-0.148912949755438,0.06792866150348731
2017-08-25,BCH,-0.044990233795988654,0.07460590371238228
2017-05-15,AEP,0.24931399111827085,0.026768934193209595
2016-09-07,GOOG,-0.46306251413177685,0.022826100078927034
2017-05-23,HRG,1.5105634496528357,0.06363847614529748
2017-08-11,MRK,-0.2874026943888891,0.03754546274316385
2016-09-21,BUD,0.9421076912889745,0.07191761789867153
2017-08-25,UL,0.08940936486017151,0.027678138950454192
2016-09-14,WFC,-0.29886792263857603,0.11363987119766573
2017-05-03,CAT,-0.2337824489684482,0.1807883580388443
2017-07-13,KO,0.17479102849927586,0.06625429217343247
2017-07-11,NEE,0.10487629393294969,0.07740614222551147
2017-03-09,JNJ,0.39465303916503197,0.03425057651035161
2016-12-13,BAC,0.08825957321334459,0.14049654836688907
2017-01-30,UTX,0.2747369629878609,0.026205460776055484
2017-04-25,JPM,-0.40285409363687563,0.07338630605710551
2016-12-30,SO,-0.2701636711694536,0.0013348160293573663
2016-11-22,TOT,0.24063543534471327,0.0947274275287021
2016-08-15,JPM,0.024327866717200695,0.02608056284375314
2017-02-28,SLB,-0.102303687352209,0.02732156565129351
2016-12-12,UN,0.07446993080436899,0.05604143398181598
2016-11-21,PPL,0.5035097411276073,0.15074316699361862
2016-11-01,BBL,1.1058258527456226,0.09984807775398961
2017-03-03,MMM,0.19972949915610855,0.04096317839629099
2016-11-18,AGFS,3.3033695513541046,0.5897583406840095
2017-04-11,DUK,0.0388977691802852,0.027987142934592535
2017-01-12,HD,0.0783246952698061,0.03809809358415554
2017-07-28,BABA,-0.5442770183413665,0.061147718018674274
2017-03-31,UNH,0.2436180364732518,0.04601285973942655
2016-11-18,MCD,0.3010565821096972,0.04683983914717077
2017-07-21,EXC,0.4850009780768123,0.07874377659470093
2017-05-05,GE,-0.6610446925852497,0.018626848124780174
2016-10-14,SO,-0.01187193067174117,0.07536906800124689
2017-06-21,AEP,-0.6314084482556059,0.04109638774584064
2017-08-15,BRK-A,0.3098127054668138,0.07264435187325861
2017-02-23,DHR,0.34702583400982423,0.045319556544204206
2016-09-01,SNP,-0.04609948440561862,0.04883070354593767
2017-02-10,TOT,-0.13800148526020478,0.07024779369344185
2016-11-18,WMT,0.7586999220791639,0.03534275633638673
2016-09-30,BBL,0.37177103538346745,0.18737188649792186
2017-03-30,C,-0.20598288225524194,0.09381433132029197
2016-12-22,GMRE,-0.2672619335825973,0.27132436534079574
2017-04-11,SNY,-0.3844532691186614,0.029397593094628943
2017-03-06,TSM,0.4170162251882493,0.04204545714172506
2016-09-14,CAT,0.5958259906362444,0.10372381694020584
2016-10-24,NGG,0.30187110770583825,0.05901339670366296
2016-11-14,RDS-B,0.6440508018831237,0.07844717535240896
2017-04-20,BSAC,-0.06771060212617944,0.09955986357934342
2016-08-11,C,0.3339574788837977,0.0687502895600108
2016-11-03,WFC,2.598265080344249,0.09737429881257641
2017-07-31,PTR,-0.08997176353686998,0.04639429345576922
2017-02-10,HON,0.4399348013246298,0.043472017559778364
2017-06-30,VZ,-0.4041618219839697,0.05946731735565977
2017-01-24,GOOG,-0.6684323204739793,0.030470568410532486
2017-07-13,UTX,-0.10101157609004954,0.055558433827905124
2017-02-03,AEP,0.16043017618268654,0.05700542148033977
2016-07-29,MDT,-0.12362775789082459,-0.0038882185629645002
2016-11-04,UN,-0.7938916523766275,0.021954912363834733
2016-09-22,MDT,-0.4592631908871018,0.04063763373834543
2016-08-25,JPM,0.34214716177372884,0.04160637751031439
2017-03-17,PEP,0.1306441169640505,-0.002533553808331007
2017-06-13,DHR,0.35561683758359075,0.04880668298014121
2017-08-25,JPM,-0.04139704166348308,0.0777155743989975
2017-05-25,PCLN,0.3783522633216979,0.05801781285077012
2017-03-10,NGG,0.5101891063218688,-0.0028584988681318105
2017-06-27,UTX,0.19641714772755017,0.047605855985431864
2017-07-18,FB,0.2950011428352225,0.09724955008955237
2017-05-08,SNY,0.9635333988512087,0.09663237181582447
2016-08-01,INTC,0.2597775702920475,0.09015809971760484
2017-05-31,PG,0.15379616744694266,-0.01522045207013014
2017-04-06,BSAC,1.3322676295501878e-15,0.10501025852913205
2016-08-22,GD,0.07868137883745789,0.05371319939622292
2017-06-15,MMM,0.08783755660043749,0.045510238197970135
2016-08-05,MDT,0.1030767110810322,-0.009502522445956875
2017-04-04,VZ,-0.011733711965981265,0.02478648996727137
2017-06-09,UN,-0.07854361291231737,0.04229812540536436
2017-03-02,WMT,-0.109493223257452,0.05327975293889051
2017-05-03,NEE,0.12110993220085495,0.04543385908440345
2017-02-07,CVX,0.39239725822433036,0.05917279053905522
2017-07-18,GMRE,0.5362251490131372,0.12408501138645299
2016-08-23,AGFS,1.4480005961713147,0.18985083214434123
2016-11-15,GMRE,0.7589009061547102,0.039395322438435285
2017-07-06,PEP,-0.19376117928710834,0.11716659310568893
2016-11-07,MSFT,-0.7762081328224919,0.15841811696118335
2017-02-23,SPLP,0.05641639688935731,-0.007252965944288238
2017-02-07,AGFS,0.37524552911045744,0.1522496070719806
2016-09-20,BRK-A,0.008260101533104792,0.10868175418386243
2017-05-30,GOOG,0.014136126906905555,0.06271558994217741
2017-07-17,KO,0.04912361518405055,0.06245792753987475
2017-07-05,TM,0.24542505547808996,0.09889160660027548
2016-12-15,PEP,0.009496666538661968,0.028910284178719756
2017-01-05,CSCO,-0.08636291523428394,0.04538546227900386
2017-01-24,REX,-1.1558776480398996,-0.03140223268720504
2016-10-24,AGFS,-0.9555295867717166,0.08504354668486623
2016-08-25,CSCO,0.1845086082176095,0.058198357329123804
2017-02-01,D,0.4105108121644716,0.08732242352473672
2016-09-26,AMZN,0.9190446964341845,0.10250031639787917
2017-04-24,PICO,0.8511910978996895,0.17036724937789888
2017-07-25,MMM,0.37659165659334537,0.10654913173708357
2017-06-02,CODI,0.848612513947114,-0.001779714637737885
2017-08-14,AMGN,-0.27873368878315435,0.025289314242996658
2016-10-06,BSAC,0.019408413061736483,0.053376385499906615
2016-11-04,T,0.005479349975645869,0.05277973182157962
2016-11-08,SRE,-1.4562346357807971,0.09680284896841716
2017-02-14,PCLN,0.1757362364409065,0.0487286347877514
2016-12-06,PCG,0.7431300317565388,0.15276366741049952
2016-11-23,REX,1.8201174388201402,0.05449446165595165
2016-09-26,PFE,0.023768251004984586,0.06944221305782133
2016-10-06,HSBC,-0.43387725227429613,0.08760793097528251
2017-01-17,PCG,-0.29021394409999035,0.03456606982663482
2017-07-31,MRK,-0.32829051227486017,0.04137061468345725
2016-09-27,NGG,-0.4498385763224227,0.06714821816712907
2017-02-17,DIS,0.03086883067728944,0.015260942815852815
2017-08-09,CODI,-0.17366128867855649,0.01468179044180716
2016-11-30,UNH,0.1359672657304945,0.0800977894485335
2016-10-13,EXC,-0.006087054635263847,0.07816680467079141
2017-03-22,NEE,-0.28293703411061355,0.02212477060915695
2016-09-06,CMCSA,-0.47901200285119366,0.012926685110466338
2017-06-22,BA,-0.19954828253253343,0.08271957841158391
2017-04-13,UPS,0.38758196213693363,0.08286966809614453
2016-08-16,TOT,-0.39011641079838894,0.09893529548850201
2017-05-10,D,-0.06443048563815641,0.02992257590680182
2017-02-15,BAC,2.597921877622866e-15,0.10626268821417408
2017-05-19,PICO,0.24316288113693832,0.08222113136345204
2016-09-15,MRK,0.2041484392187655,0.05224683303514234
2017-02-21,CAT,-0.2957517837489763,0.08632233358080883
2016-10-27,CODI,-0.7153458624967488,0.07831688010057768
2017-03-31,CSCO,-0.3298495509963083,0.044248132619888844
2016-12-29,NGG,-0.10940156178680438,0.01827619967532325
2017-05-31,TOT,-0.43685936437639955,0.08532149757429473
2016-09-06,BRK-A,-0.6022041501696187,0.05525202551197253
2017-07-03,D,-0.018406015370754637,0.06488675622789214
2016-09-23,TM,0.027955079120366162,0.13199919870520094
2017-06-02,BHP,-0.0451606175513396,0.07673523213880624
2016-08-03,NVS,-0.029147300020584223,0.01905540885225486
2017-04-10,VZ,0.2782379964981717,0.02760563578110574
2017-06-09,BABA,-0.6664620219764645,0.25065976524344247
2017-08-04,AEP,0.07547841571912173,0.0150578900062735
2017-06-26,TM,0.19904358210777562,0.07981540072267977
2017-03-13,SO,0.259719432237807,0.022855626890035355
2016-07-29,PPL,-0.5102998693950122,0.02729735632450181
2016-12-29,WFC,0.07280635177940425,0.10308526779476877
2017-04-26,ORCL,0.08930606125525456,0.019662689933442015
2017-05-22,BP,-0.37690533079043764,0.07979761332871223
2017-01-26,SRE,0.08585425593486187,0.056111409411041036
2016-09-01,MMM,-0.48818507341436257,0.060917706384204864
2017-06-19,MSFT,-0.0961806263260413,0.049298516519232685
2017-03-14,PICO,0.3603701100535669,0.0766621442801922
2016-08-09,CAT,0.34945687981078755,0.09862229615693761
2016-12-09,AMZN,-0.2853753611621092,0.1012148793534217
2017-01-23,MA,-0.06029156857813002,0.08050076953932357
2017-08-16,MO,-0.538898521742356,0.06440531707985143
2016-12-23,PCLN,-0.11647367630644032,0.05589988016682662
2017-07-20,UL,0.07723300591023477,0.03880246616864641
2016-09-12,CSCO,-0.26897800652591625,0.09486593597518274
2016-08-10,NVS,-0.12190732768613699,0.034464887126619895
2017-05-10,WMT,-0.41629699133820164,0.010323655526057157
2017-03-29,LMT,-0.09416599354990601,0.05464421852471717
2017-06-30,PPL,-0.3759907126144689,0.09336009877170783
2016-08-16,ABB,0.018132210682727225,0.07273316130915776
2016-12-23,WFC,0.014292340993926044,0.09817402053849471
2016-10-12,D,0.2889213758089949,0.0538753157212897
2017-07-10,NVS,0.28300624245000666,0.09036673037111952
2016-08-19,GD,-0.10527724870580228,0.05787533782176946
2016-12-09,BUD,-0.10458075755418247,0.058186678286243146
2017-02-28,AGFS,-3.552713678800501e-16,0.17553672044406232
2017-04-26,PG,-0.30085988384966983,0.045878856370823326
2017-02-01,ABBV,-0.12190221376994734,0.04918183975288451
2017-08-08,INTC,-0.22649047462464159,0.05745498364753571
2016-11-22,DUK,-0.029800813432268126,0.14193264061614075
2017-05-19,BHP,-0.47969164322957925,0.05879072121827425
2017-06-27,GE,0.10264025648061059,0.10034266201001331
2017-02-08,HRG,0.3890294392252914,0.13016481921160789
2017-06-14,CVX,-0.39984320195821704,0.07434533837597908
2016-09-13,NVS,0.48447621404596664,0.0955600389303934
2017-06-28,KO,-0.4101784335316491,0.06896134171791347
2017-02-10,HSBC,0.4327977821644173,0.07461803181132191
2017-05-02,AMGN,-0.03305680729054454,0.023423797095306356
2017-05-31,CELG,0.5449075640963764,0.02222862034873839
2016-10-27,TM,-0.29471632831533306,0.08709164091978068
2016-08-04,DUK,-0.11167553891671511,0.03957102124144686
2017-07-13,JNJ,0.7019322076507815,0.021360096048760463
2017-03-09,UNH,0.3878586598053643,0.06496892354197452
2017-05-30,WFC,-0.13465358991880727,0.06217115229358544
2016-12-02,PICO,0.7818585158255488,0.1450913772800686
2016-09-09,SLB,-0.3197146988596372,0.03776980580730267
2016-09-09,PICO,-0.542143552956245,0.1304723322980189
2016-09-23,UNH,-0.07272093761158778,0.0700533739008785
2017-06-27,BBL,1.1495164755508909,0.065105403944049
2017-03-30,WMT,-0.04474506051325202,0.003564455237466631
2016-11-07,PTR,-1.2398843998320976,0.11748640593620434
2017-07-18,NEE,0.22768947345064722,0.06291353059306967
2017-07-26,MO,-1.8019171197109767,-0.003330693055437664
2017-06-16,AMZN,0.3219827588038327,0.05992048208145355
2016-08-04,GOOG,0.3402672910291858,0.06272930906604662
2016-12-05,NEE,0.42161020367281665,0.13685684629465328
2016-12-12,LMT,-0.07362011639708277,0.040809435425516224
2017-04-12,CHL,-0.24703276595359594,0.0686728398593863
2017-05-01,BHP,-1.0364425795950403,0.08083896235787229
2017-07-25,SRE,0.3045156296849695,0.0645669938996926
2017-03-13,CSCO,0.10529315476933279,0.06198908801049294
2017-05-23,AAPL,-0.13570029782970144,0.0916402509969796
2017-08-16,ORCL,-0.07323035032571722,0.03218511663245134
2017-08-22,PCG,0.16865789936225373,0.01841450529900039
2017-02-09,CAT,0.894957621610175,0.09733819730069683
2016-12-29,BA,0.4333241539520067,0.04816377698244555
2016-09-13,MO,-0.18337006296201755,0.0914662877774255
2016-09-30,CODI,0.1832794537543761,0.022216345022689057
2017-02-27,BSAC,0.590647531301576,0.05136144509124631
2016-12-20,NVS,-0.09471878709050366,0.08988986657942984
2017-06-29,GMRE,-0.31390778927381585,0.12307245435403764
2017-07-10,PICO,-0.1762114137021318,0.05737422324186642
2017-08-15,MDT,-0.6805571622354998,0.026640344257835208
2016-09-28,JPM,0.4365346662642911,0.07397729280913574
2016-12-29,PM,0.023967893573469446,0.04053653730077238
2016-08-26,MMM,0.1554624689050467,0.07254540840473093
2017-07-10,WFC,-0.31913758246284496,0.06735301158738256
2017-07-03,MDT,-0.2482797102598889,0.04542654680459175
2017-03-15,KO,0.12307932337657382,-0.007046325127595128
2017-07-03,AMGN,0.06009579055660712,0.07297631482238341
2017-04-26,D,-0.23887003524757783,0.01814198469237578
2016-10-12,MCD,-0.610745380071065,0.002673018339968747
2017-04-11,TM,-0.33741658173732425,0.04686104470536308
2016-08-11,BSAC,0.13608736319448195,0.0820692346973521
2016-09-15,PM,0.391136387078458,0.12805486803258942
2017-06-14,UNH,0.3612350413565024,0.07718804268083608
2017-04-05,ORCL,-0.053862092062202806,0.10862814322096202
2017-02-03,BABA,0.38866860637490636,0.06502824566423712
2017-05-04,MO,0.04830100995403968,0.018923075473772852
2016-08-12,GMRE,0.47317911490392683,0.0336350709058557
2016-09-23,HSBC,0.21384887195851793,0.13650032964763004
2017-04-04,MMM,-0.012621413680260674,0.054934484388873384
2017-02-06,PG,0.20716024083429666,0.07389429511927818
2016-10-27,IEP,-0.5924180141850323,0.016419893729952922
2017-03-15,MDT,-0.4536932183607737,0.0421787962273701
2017-08-04,PTR,-0.3966091399393187,0.033410191677444495
2017-05-03,BCH,0.0488536010760721,0.061482764674282056
2017-02-08,PG,0.6219505071404902,0.05936850217436951
2016-10-10,MCD,-0.4050829305824946,-7.112544690050099e-05
2017-06-02,ABB,-0.35191446261377574,0.05418004696597306
2017-05-10,ABB,0.02430707156990821,0.11414792180622625
2017-08-17,SLB,-0.04765308122563646,0.027924925851174773
2016-11-21,KO,0.06656436237804894,0.11499352531685829
2017-03-28,IEP,-0.03533903237453682,0.003417583511060668
2016-10-28,HRG,-0.6495834846123106,0.048458241305093616
2017-04-07,DHR,0.1458579803141176,0.031228730690767995
2016-12-20,PTR,-0.3263741437934543,0.15731121429588285
2016-09-07,PFE,-0.5234363234686266,0.034656325581367095
2016-12-28,BA,0.3316343883142282,0.048662092296622744
2017-05-24,PPL,0.19615391285584677,0.013318945606386343
2016-12-01,C,0.9812910397662051,0.04187236562611042
2017-02-24,NGG,-0.28355229869013565,0.01630613414682433
2017-05-22,INTC,0.22793789321619634,0.06120290636319023
2017-05-15,SNP,-0.37252370488535724,0.04928535124100639
2017-06-29,GE,-0.6545628404224171,0.07932529865280748
2017-01-04,LMT,0.08956725318041243,-0.004459887140418048
2017-03-02,SLB,-0.5637705120122073,0.043121718141289525
2016-10-11,PCG,0.704875946437012,0.07652769741284544
2017-02-02,GD,0.24576659818605423,0.09625775545229569
2017-06-27,SLB,0.11594194007515038,0.05373837736243775
2017-05-01,FB,-0.18450433656558277,0.04931228057217221
2016-10-17,JPM,0.49988137267915855,0.07300715564595385
2016-12-19,ABBV,0.08980222170419346,0.09223642615459722
2016-11-15,CAT,-0.17441386787913515,0.08016013554772804
2016-11-28,V,-0.4527358067899782,0.12471850331696703
2017-06-26,JPM,1.3346050048541218,0.08110750231805298
2016-10-21,PCG,0.2242399906191376,0.0957864320696006
2017-05-22,HON,0.1646709085898617,0.04198584278332772
2017-03-20,AAPL,-0.0821693392118549,0.023952838106145208
2016-10-03,REX,0.290438411721258,0.08858245908768624
2017-03-10,JNJ,0.291032952245737,0.039799890771207824
2016-11-07,PPL,-1.003027931517553,0.08216265381503603
2017-07-20,PFE,-0.324622502730364,0.021634109975643537
2017-02-09,HRG,0.4921575809104571,0.1336617260794088
2016-09-09,PTR,-0.19446048397135068,0.09711285667743459
2017-06-06,SNY,-0.6612184920579751,0.05614500533156995
2016-11-23,MRK,-0.2875869445095073,0.06569297714412149
2016-11-17,GMRE,0.5188001773586974,0.02366166085189357
2017-05-22,CSCO,0.05689908439921594,0.086861965332182
2017-06-26,CSCO,-0.5726376720515549,0.06110161739922122
2016-11-18,FB,0.5711556880102565,0.10959974612699315
2016-11-09,MDT,-0.4812462847596063,0.05239115791601512
2017-04-07,HD,0.02445173503256339,0.03642891321979007
2017-08-03,XOM,-0.18837360826499094,-0.012040193518258302
2017-08-01,CMCSA,-0.20932262366008408,0.04859869262494597
2017-07-26,MA,-0.058104626691957664,0.0764863319409146
2016-09-29,PCG,-0.9109780196300246,0.07316746750038323
2017-01-30,C,0.41779631776881676,0.046031203802526496
2017-06-02,JNJ,0.22170502069856157,0.04082021735041359
2016-08-17,GMRE,-0.16705139848732667,0.03708750282574218
2017-08-04,RDS-B,-0.19320303319152715,0.025952986199351616
2016-09-02,NVS,0.22548172174647457,0.013574773575817808
2017-03-29,TOT,0.29324909624221346,0.10795038814702189
2016-12-12,CSCO,0.3808375405347168,0.049862627853767355
2017-02-10,AMZN,0.4211735628889201,0.04539690520860147
2017-04-20,BABA,0.4326104146916029,0.06924595014868233
2016-09-14,ABB,0.39480898859876923,0.136279568124672
2017-01-13,PM,0.9420635479454875,0.03858375837524147
2017-04-04,EXC,-1.5099033134902129e-15,0.015734673971142185
2017-05-25,BRK-A,0.14552535512644432,0.050758365183061635
2017-05-16,IEP,-0.6185239458632981,0.1205603140615182
2016-11-01,NEE,-0.11471287765172514,0.11631207832888434
2016-10-18,ABB,-0.29617034006748344,0.05653394423181074
2016-08-15,SO,0.19711970440356216,0.06568265480825335
2017-06-23,HSBC,1.3509320420152535,0.04657850466450912
2017-02-03,HD,0.2692354077073663,0.03140063355582032
2017-05-24,AMGN,0.21104288836654295,0.00883329568772133
2017-06-09,KO,0.15950435661998896,0.023027603911393926
2017-03-03,NGG,-0.07985426512903768,0.02102564038507869
2016-09-16,FB,-0.17274479629712775,0.11195382324268936
2017-07-25,BABA,0.29821095049044655,0.06858050493874375
2016-10-04,UPS,0.03314847459274781,0.07530037545536043
2017-03-21,MA,0.31544627040937007,0.08748059488549141
2017-04-10,CODI,0.07071876878525135,0.04229663737490383
2016-08-22,T,0.04395136662068881,0.04850642316027272
2017-02-01,AAPL,0.5046489140315551,0.04947047861895376
2016-09-27,CHTR,-0.5888297684671114,0.14014542980195255
2017-01-09,BAC,-0.4484472834731248,0.0978480035725542
2017-01-24,GMRE,-0.1351354981978461,0.11122647330001066
2017-07-11,BAC,-0.5773599467074343,0.09312585720174978
2016-10-06,WFC,-0.19126188692810914,0.03646263843202634
2016-12-09,CMCSA,0.11772349829079128,0.039936645546340604
2017-02-14,AAPL,0.3072106599739308,0.09634279062759947
2017-08-03,UN,-0.08953114124898338,0.026077245368008845
2016-10-24,GE,0.12409687830097185,0.01075038130647639
2017-08-24,D,0.0171626245951446,0.02347419550740959
2016-12-27,CMCSA,-0.20559166041041693,0.03786800569605689
2017-03-07,UNH,0.1645218880557713,0.06827815206559458
2016-11-02,CVX,0.4224927488191811,0.13319103534516918
2016-10-13,JPM,0.15293852505476607,0.08683921258465203
2016-08-01,AAPL,0.540865082781637,0.0858858926584992
2017-02-14,AGFS,0.7300080443905289,0.15474685848529374
2017-01-30,CELG,0.5077249235908103,0.036460318149063545
2017-02-21,UPS,-0.3672571483282184,0.04906885484364518
2017-06-16,BRK-A,-0.36597184450061526,0.03067115892198098
2016-10-26,V,-0.2883089784665776,0.11900266297017344
2016-08-30,BSAC,0.1305979290791986,0.0568387309043579
2016-09-23,BA,-0.006071636917143941,0.07222525443445905
2017-08-23,NVS,-0.13010550875737498,0.042421535068837404
2016-11-28,NGG,-0.36317526529680777,0.09933357438340824
2017-01-27,PCLN,-0.2453037524077628,0.008749027734686277
2016-09-22,SO,-0.5420578752174628,0.06476187519636321
2017-02-23,V,0.0792254263203147,0.06331582350241567
2017-06-12,MSFT,0.30999484976217395,0.09333187889400617
2016-12-30,TOT,-0.14176058668474784,0.08100122362661079
2017-01-20,TSM,0.7698285319535363,0.0661570368061883
2017-08-11,PM,0.07819044787362346,0.04265712174635154
2017-02-13,ABB,0.026138322950083736,0.08377591427934798
2017-04-12,MCD,0.3039419759859528,0.004922608187208279
2016-08-24,IEP,1.036381176526867,0.16571435878418433
2017-04-28,MA,0.2018661165047065,0.07468146046421827
2016-12-27,HRG,0.2190037986142072,0.055780503998418315
2016-12-16,PM,0.28777777414665595,0.029788593008685554
2017-07-13,BABA,0.34347519996520404,0.10904124187724341
2017-06-29,INTC,0.2017200515600571,0.0958853137367615
2016-08-18,WFC,-0.06191425114979293,0.011197874940963165
2016-09-01,BUD,-0.2548002879900796,0.06212704081842438
2017-07-28,CSCO,0.1768798669982255,0.038763811090596026
2017-04-20,MSFT,0.8284055950729534,0.05028075147562537
2017-06-29,DUK,-0.14571581225337465,0.09129374316258972
2017-07-26,SNY,-0.2261804210328017,0.034312457470028784
2017-08-04,UL,-0.04928676893301702,0.023855230353454063
2016-10-28,CHTR,0.07848140188777415,0.04238094916251445
2017-04-24,CSCO,0.4104226310322252,0.022227276071979718
2016-09-15,DHR,0.22528608726620408,0.07127893594445266
2016-11-28,FB,-0.5012041549393925,0.10579887381862728
2016-11-28,WFC,1.0462106055955744,0.10051147972433931
2017-08-14,BAC,-0.8704307935853821,0.09398665033588748
2017-03-07,GE,-0.21549021555439535,0.024535946856749646
2016-10-25,ABBV,-1.729892487598622,0.04139679419610126
2017-01-17,GMRE,-0.08958571649963396,0.11630141119327057
2016-11-10,MMM,-0.046220097027053375,0.07985738511183609
2016-11-23,IEP,-0.06255357501719616,0.17395952015526994
2017-01-31,SRE,0.031229636714891297,0.041785357567748024
2017-03-14,SRE,0.5307690961335607,0.06001044254999985
2017-08-17,UNH,0.21164249797555562,0.04452909032286492
2017-06-19,BRK-A,-0.4591396605587854,0.03101134409382264
2017-01-23,ABBV,-0.17464447194092084,0.05502995021912872
2017-03-24,SO,-0.2554926236835149,0.018962345840067674
2016-08-11,HRG,0.012511730154681978,0.14428251877695375
2016-08-10,CAT,0.42142227508358304,0.10096498349189169
2016-10-05,BUD,-0.2945913214903845,0.12820025757463444
2017-04-27,T,-0.9755542303922222,0.026785874453969252
2016-12-08,HRG,-0.025990906841707774,0.1654921311000117
2017-05-12,XOM,-0.1507798768346879,0.03811766521133245
2017-07-26,ABBV,-0.5248024943772236,0.04635692159235838
2016-10-13,V,0.1533101974097883,0.09645553177468232
2017-04-11,BSAC,-0.07866320771853699,0.09768376877122702
2017-01-27,FB,-0.18239935666648716,0.06285920566736959
2016-08-11,CSCO,-0.30604639507064385,0.05248338494867781
2016-08-15,EXC,-0.11584519303941407,0.059218063006793484
2017-08-04,MMM,-0.16149753776450568,0.059456740335883024
2016-10-12,DIS,0.1134494634038526,0.017629688986155634
2017-06-02,AEP,-0.22417760445749307,-0.010254177359069187
2017-07-20,AGFS,-2.109827942896536,0.19323957016936272
2017-06-22,MSFT,-0.5102983326179394,0.09060499955588976
2017-07-25,XOM,-0.024930682343016437,0.0071310887863964695
2016-08-15,HRG,-0.012519562224153059,0.14641193053051088
2017-06-21,MA,0.2759110828496941,0.08759854951988132
2017-04-05,PEP,0.29616996364213566,0.01951503426139839
2017-03-30,SLB,0.1994142157490542,0.04246416083954728
2017-01-17,SLB,-0.43273942773283236,0.03212782010081139
2017-08-22,PCLN,-0.12291451682923968,0.055965130310700786
2016-09-16,EXC,0.5653892251979549,0.1016035922736218
2016-11-15,MO,0.7618747733337845,0.14650364822383055
2016-11-02,DUK,-0.16995169129770282,0.08478464835806197
2016-11-11,UL,-0.5443566447750741,0.030762964038233045
2017-02-09,PG,0.4725501204797219,0.0686285933057316
2017-07-27,MMM,0.7428409416217892,0.062101199874706775
2017-03-10,BUD,0.7550126983144333,0.041531956075492774
2016-11-29,JPM,1.1736983285014448,0.04744205173646847
2017-06-21,TM,0.14294624425528285,0.058788995340405575
2017-05-19,PFE,-0.1981437474966859,-0.011048294994259272
2016-12-16,BUD,0.09492011235570767,0.04703711371766174
2017-07-19,BA,2.0335724303623115,0.04601870346395735
2016-10-26,AMGN,-2.73056218900088,0.028906004538311145
2017-04-27,ABBV,0.3480979490661483,0.024879474008020264
2016-11-15,BBL,0.992142412513946,0.15192676572162606
2017-03-09,SPLP,0.8768527572835272,0.009121349710686316
2017-04-04,CSCO,-0.29549859350578006,0.03641196503615653
2017-07-18,PPL,0.1480323966697017,0.04924334365430022
2017-04-07,DUK,0.1622387867224965,0.03223448850349696
2016-08-26,VZ,0.30872621257501753,0.03558639951021385
2017-05-03,JPM,0.09860761812792426,0.074709010283824
2017-01-25,PG,0.03897098686299063,0.06291130722146993
2017-07-10,CELG,0.44079777237569856,0.14075283750635986
2016-11-14,PPL,0.2900328714201752,0.19325844828419325
2017-05-01,PPL,0.370427602670082,0.033473334027512555
2017-08-09,TM,-0.1259481761204349,0.051674689612329336
2017-05-10,CODI,-0.06163200850852446,-0.016853710411073468
2017-01-17,PM,0.7271978682990211,0.04270110985690674
2016-12-21,PCLN,-0.34295095516289026,0.047354852857477675
2016-11-21,LMT,0.3758421963104942,0.12423097632401676
2017-04-03,HSBC,0.1277962122057988,0.059747732576724236
2017-06-20,AMGN,0.5410577575409304,0.04621252655177416
2017-02-02,WFC,0.34851454338015614,0.13008013636946503
2017-01-23,UN,-0.7615806689046679,0.023061046862183257
2016-08-04,MO,0.03599291220689166,0.002866272763127703
2016-12-01,PG,0.3967238206753593,0.09353366882024218
2017-06-06,MSFT,-0.5224842352989605,0.06864186280517215
2017-01-26,MDT,0.5014918501103576,0.05728635221275369
2017-03-09,XOM,0.09771657300424813,0.03856468522807961
2016-12-12,MMM,-0.16545516517826891,0.04253222259638008
2017-05-24,GOOG,0.24954644788132446,0.09285800884810826
2016-12-16,TOT,0.1760353741698601,0.05563839452825971
2016-11-08,SNP,-1.038034148875175,0.10489038371757357
2016-11-02,ORCL,0.7838040258428145,0.08568323098184148
2017-02-15,RDS-B,-0.49700983060652326,0.04438466979726502
2016-09-16,D,0.5129489269290821,0.10557264331114265
2016-10-27,MA,0.03472011108323236,0.1371172631701814
2016-12-23,MSFT,-0.20982639776493156,0.10532220865245547
2017-08-22,ORCL,0.0769945239934007,0.03694230200304348
2017-05-10,MA,0.025701476916382006,0.06566482013827415
2016-12-12,REX,0.2698013408707961,0.11679121028835975
2016-09-02,HRG,-1.0772309267548426,0.07025823230913102
2016-11-02,PCG,-0.28412005345201286,0.09511259780660795
2017-05-19,AMGN,-0.19260463982331477,0.025468392528809503
2017-08-16,BSAC,0.06814384902614998,0.1418030429899506
2016-08-30,SO,0.4884901127756141,0.08301879390836044
2016-08-29,PG,0.07686219333413125,0.04937995170788338
2016-09-06,WMT,-0.4264345801900693,0.02047549235302437
2017-03-16,UTX,-0.08921529269688935,0.03184151709524771
2017-01-25,HON,0.020349823800611965,0.014522025288481802
2016-09-21,PTR,0.10326425664547374,0.08009605946892719
2017-08-14,BABA,1.8094217641998818,0.07722598954290395
2016-10-17,HSBC,0.6336776940123879,0.06356961803440515
2016-08-02,BA,0.15441736669450049,0.05156553141300735
2017-03-31,CAT,0.5864021572753189,0.12026666932604925
2016-10-25,SRE,-0.29537613777506105,0.09248961693553405
2017-03-27,JNJ,-0.17725382162209857,0.04105810172758932
2017-04-24,GE,-0.4171789482995849,0.03542655830270719
2017-01-06,JNJ,-0.29450585285185726,0.038090144615987226
2016-11-10,D,-0.028138235736241163,0.14575071701475584
2016-09-19,HD,-0.1334730410614658,0.0428285104110494
2017-07-11,PM,0.41040072399890243,0.09384378057461125
2017-05-05,BUD,-0.12478722526043204,0.1360050532465218
2017-04-10,GE,-0.11361842016607078,0.05573300247184955
2016-11-23,TOT,0.556360666029529,0.09898984124092382
2017-06-06,BCH,0.13072831243310667,0.06393985804265465
2016-12-27,JPM,0.05979950181929032,0.07031994138029081
2017-04-24,BRK-A,-0.04666883353496569,0.0357905393925652
2017-01-18,UNH,0.4389159287060232,0.017959751387355463
2016-10-07,BRK-A,-0.024941690491440904,0.03408716495908598
2017-01-06,PCG,-0.21018282524082615,0.029959711181139798
2017-03-06,KO,0.10450183967180764,-0.0018836818424447996
2017-01-26,UN,0.14844291454935568,0.07413125640155695
2016-08-25,PCLN,0.04290427642536194,0.08540739766040988
2017-04-21,BP,0.18735424278561622,0.06046508696213536
2017-03-06,LMT,0.1095153669389854,0.025623051305631472
2016-10-03,UNH,-0.05930209351667863,0.08441598730999479
2017-07-27,D,0.32922445114096927,0.012636666973714544
2017-07-24,MDT,-0.26499737495857456,0.01700526592798672
2017-07-10,INTC,0.4815251125452383,0.09538688242954894
2016-11-17,PICO,1.1870848529836546,0.11595478405889255
2017-06-28,BCH,0.6824181480080327,0.06262221706060044
2017-03-31,SO,-0.03619135528411723,0.010395796625555412
2016-09-22,BA,-0.1278078640413852,0.05738414026473766
2017-04-07,MMM,0.03891070234849472,0.05324729760073285
2016-08-08,MCD,0.03884825362278725,0.03279759385793793
2017-08-11,HSBC,-0.18506882454435566,0.08174573307699474
2017-07-12,GD,0.12194807980246998,0.034271149068626536
2016-12-09,PCG,0.5682867052003506,0.029346209779353816
2017-04-04,GMRE,1.3690166553588714,0.1869678407557132
2017-06-22,D,-0.4795402003679189,0.020084058910121078
2017-02-14,TOT,0.13756755968030937,0.06891894475467071
2017-01-18,NVS,0.07497570308855632,0.03543769440181717
2016-08-31,CVX,0.6918144385944189,0.031129048061496772
2016-08-22,SO,-0.2554692548498707,0.061270915951234906
2016-08-12,SRE,0.17865533266101113,0.044893861190344594
2017-04-18,NVS,0.8877231223371215,0.051263731679886834
2017-07-12,WMT,0.515348688629661,0.01203265714011599
2017-04-13,GE,-0.006766807889499659,0.07618148381296487
2016-12-21,AAPL,-0.05646065024426018,0.05468443884502411
2017-08-16,BAC,-0.3587168473780794,0.12033041825397504
2016-11-08,SO,-0.9769827988638135,0.033417316314537135
2016-11-07,CODI,0.7651188339143307,0.06753139172974341
2016-11-10,BSAC,-0.11522143298841996,0.10954481655708818
2017-03-22,BAC,0.3542955961653798,0.13139229813318248
2017-01-24,BHP,-0.12554251556421914,0.1252702391668648
2017-05-09,UTX,-0.009881807506133345,0.05851578754090714
2017-03-10,ORCL,1.3498444696575327,0.025730889022297962
2017-04-03,BP,0.39719324099856707,0.07751085277176296
2016-09-20,MSFT,0.3973618219418861,0.08554694385840529
2016-12-07,T,0.31883119489026707,0.11466640872543969
2017-06-21,NVS,0.641256773103604,0.021774118360299646
2016-10-06,MMM,-0.18965944914276311,0.09988394196750701
2017-03-14,GOOG,-0.3618057916068528,0.023923300716493845
2016-08-09,CSCO,0.11601652285432258,0.05591078707543784
2017-03-03,D,-0.2338579545562438,0.04214187787558889
2017-02-22,SNY,0.4465294860040334,0.059373382969354016
2016-12-08,ORCL,0.2512052911927586,0.10123219052934905
2016-11-29,PPL,-0.6600868896283215,0.1542041168719181
2016-10-17,AAPL,0.017004272185290815,0.0619596636969372
2017-08-14,HSBC,-0.3560668002464892,0.06738429816476502
2016-08-05,UPS,0.3460123953994931,-0.021847417593829188
2016-11-21,PFE,0.22051051058322169,0.05284745679446905
2016-11-30,DHR,-0.30940307474543916,0.08530643000105435
2017-04-11,ABB,-0.025183060996411422,0.06927511364485758
2017-01-05,PCG,0.023111085984566838,0.01875769599438254
2017-05-26,SLB,-0.09217971607514416,0.020075149059010616
2017-05-12,JPM,-0.49856857324454334,0.0665839801666728
2016-10-26,MCD,0.0498889222072853,0.026724100641118034
2017-06-26,CODI,0.46244905109650797,0.03531364752282927
2016-10-05,ABBV,-0.5163489631252656,0.03780226933915615
2017-06-06,V,-0.14879399360367232,0.04300357208992596
2017-08-17,BHP,0.6085415441991437,0.12891891233782726
2016-08-30,MMM,-0.04445830875916634,0.05958689394247865
2017-05-02,BABA,0.3208946208265285,0.05812972674982378
2017-07-06,UTX,0.19268685985514883,0.07008012344492465
2017-04-24,REX,1.3126210503385451,0.14328291415447852
2017-01-20,PCG,-0.2426678052272213,0.04531070941109487
2016-09-02,HSBC,-0.3392093949416367,0.08494244919200565
2017-01-03,BUD,0.16954884000346976,0.04084652008834848
2017-08-07,HRG,-0.3223876375976685,-0.00760285088109984
2017-04-27,MCD,0.3629823037738156,0.07925565561498789
2016-11-08,PFE,1.4340062460222935,0.012079926688074547
2017-07-14,AGFS,1.160775700141867,0.23089206915237903
2016-10-04,BA,0.22407377319669805,0.08200289979332807
2017-03-22,MMM,-0.16087921413982517,0.057152081061066506
2017-07-17,MSFT,0.06804985047194693,0.10292717666009292
2017-03-15,V,-0.31383690422731936,0.009207000771044749
2016-09-02,D,-0.1881723070745112,0.07233712741865662
2016-08-10,XOM,0.3896533798294938,0.03237185639705431
2017-05-01,RDS-B,0.8585943227775225,0.0458417836838976
2016-11-17,CMCSA,0.19469861285001297,0.07186199480987344
2017-01-19,PPL,0.10489260973523369,0.04209222132870402
2017-03-24,MRK,0.11363658262676454,0.01574064057229188
2017-01-23,XOM,-0.02590682770837882,0.036233285438659404
2017-01-30,VZ,-0.5503418960641234,0.043734629263334435
2017-03-16,ABBV,-0.0760161651014979,0.05034111835185638
2017-06-21,SNY,0.2819550250238622,0.009911882105410386
2017-02-08,KO,-0.7665271546571215,0.014694695859635815
2016-10-31,JNJ,0.11519687518251265,0.0761764076776618
2017-04-10,PCG,0.1367008625208192,0.026435976420393248
2017-07-03,UTX,0.23776851760441167,0.05833263734955915
2017-08-02,PM,0.16531263694150305,0.005411600942360199
2016-12-21,BRK-A,-0.3350912139606979,0.019941318275894612
2016-08-22,RDS-B,-0.030384381135803346,0.041665470120145
2016-09-30,REX,-0.007079827583527765,0.10392871972117755
2017-06-27,MMM,-0.0019080373296501765,0.09136357293485738
2016-08-10,SLB,0.333628956723333,0.09163836473342561
2017-03-01,VZ,-0.26271185259622865,0.016800972832838657
2017-07-31,IEP,0.17170848181204584,0.022111922496577924
2017-07-18,GE,-1.1086331062426014,0.04658494444299158
2017-07-07,AMGN,0.6541784600726218,0.0680897689139375
2016-09-06,SRE,-0.682648408995838,0.05824409138082946
2016-10-12,PFE,-0.2862874070740737,0.04565488332067101
2017-02-09,SNY,0.3896229898606786,0.05840586956818522
2016-08-29,PM,0.41458385812448617,0.06733983130523981
2016-12-14,PPL,0.38118883174732987,0.05308002126910431
2017-02-07,MSFT,0.4771426543214933,0.04730122865456013
2016-11-10,FB,-0.5046584774954658,0.12290174293404423
2016-08-11,AMZN,-0.1765973041046909,0.04771338580144585
2016-09-07,CMCSA,-0.3588909767327326,0.024083465962724995
2016-08-18,PM,-0.09990878966064815,0.061947246756961574
2017-03-09,ABBV,0.4294641244637673,0.0044041592713320865
2017-06-08,PG,0.3453225893809691,0.003571739581080549
2016-12-07,CAT,-0.7516455814158688,0.053848309409070455
2016-11-04,BUD,-0.7804881730991288,0.058785982413978866
2017-07-25,UNH,0.19130920223405612,0.026936326854983053
2016-08-19,NEE,-0.4208035503223514,0.07204754954544375
2017-05-17,D,0.7125051353716796,0.02617297169325812
2017-03-28,SNY,0.06164869077738624,0.04708335977687997
2017-08-01,VZ,-0.11898732764578886,0.13000018542059372
2016-12-28,PCLN,0.3115176201570593,0.06036350730059614
2017-05-19,GD,0.6400802906036208,0.037928387971356226
2017-05-30,BP,-0.01654922334827934,0.08850574737145368
2016-11-02,PPL,-0.19558355463497462,0.09669439118076954
2016-12-16,GD,0.09609415791904824,0.06377555885858623
2016-12-14,BA,0.385968688096112,0.04748179108364406
2017-03-17,BHP,-0.8945135481914013,0.10764351806181578
2017-08-17,AMGN,0.2534376679008982,0.057451260672477814
2016-12-14,MSFT,0.27254473523571204,0.08326309954659845
2016-09-01,WMT,-0.709866179621337,0.01398653432841733
2017-08-11,SRE,0.161958497695812,0.05425029087089567
2016-11-30,CODI,0.4718427805875905,0.03551306239836678
2017-06-27,MDT,0.12862260503872994,0.045635204384314176
2017-04-11,BRK-A,-0.369767438001277,0.04631940127287987
2017-03-21,XOM,0.0024441037403982956,0.08162028677693235
2017-08-21,NGG,0.16427228795634313,0.0279911831004285
2017-04-21,RDS-B,0.1669910858390119,0.046328873636982265
2017-02-17,PTR,-0.0725487902659873,0.046681551825300385
2017-01-05,CODI,-0.16736468547102343,0.05000645424652986
2017-03-24,GMRE,1.7722912340167725,0.04973658839936336
2017-06-27,BUD,-0.647584154807331,0.05928407221074622
2016-08-26,SPLP,-0.4118196631290038,-0.010650796159944666
2017-05-26,SPLP,-0.5673390694344324,0.00644296089483027
2016-11-25,MMM,-0.12257290835537496,0.0726446869076215
2017-01-26,ABBV,-0.12442778473745157,0.044517940163851535
2016-08-24,KO,-0.1924872035808375,0.04541916474951106
2016-11-03,CHTR,1.8110338635438645,0.08576934662223883
2017-02-17,GE,-0.126309557099664,0.042304844820563695
2016-09-22,UTX,-0.38029165994548453,0.053848138043349925
2017-01-09,AMGN,-0.5152656688051133,0.09224240701514554
2016-11-08,BA,0.8144154543700856,0.11284596789309069
2017-07-11,DUK,0.24138483806382097,0.06517800034397495
2017-02-15,IEP,-0.8993910389913063,0.0028291840925465245
2016-10-27,UNH,-0.5876675716986698,0.10701561423623977
2017-03-27,UNH,0.11992980078760854,0.05236890976133862
2016-08-03,VZ,-0.03342214202675371,0.047362356418553825
2016-11-04,AMZN,-0.42944980281633854,0.13309486852816882
2017-02-06,WFC,0.18657294219148743,0.14783091026752615
2016-08-15,BHP,0.2864019678100035,0.10943083314100442
2016-10-24,CHL,-0.40676985874086424,0.025207307697641915
2017-02-22,BP,0.4849439987113927,0.03343525903405309
2017-05-19,MRK,0.35432073990996776,0.04689776446275422
2016-10-28,PTR,-0.2486334289896736,0.19169913113891213
2017-04-11,AGFS,2.933887583016069,0.6026129140282782
2017-07-21,REX,0.757355520374262,0.05066514942975661
2016-11-04,SPLP,-0.1433697999497784,-0.028096774355030708
2017-03-07,BAC,0.08707637743506876,0.14469341175023398
2016-08-16,EXC,0.20924370655599933,0.06316090704268709
2017-07-07,LMT,0.20442120040347356,0.00647227798865551
2017-05-10,DHR,-0.31737042943274496,0.03749665628409074
2017-04-21,UL,0.4889831287767662,0.021180595095589436
2017-08-14,TM,-0.05492769786932141,0.060459789474097594
2016-12-13,BSAC,-1.2232445996805548,0.04038833674035602
2016-11-03,UN,-0.9005678381090269,0.01877904098599395
2016-11-14,BCH,0.6857490325504754,0.1692949859490681
2016-12-20,BUD,0.17788100007358515,0.05193884667217233
2017-05-22,ABB,-0.04798162941135144,0.07534268055961559
2017-01-20,REX,-0.8671249204348415,-0.02867421330370879
2017-05-22,TM,0.07057245790270035,0.07792922741781312
2017-06-30,WMT,-0.6581745430548909,0.024984528939444264
2017-07-19,T,1.0250344561551858,0.03799293310914709
2017-05-31,JNJ,0.38611153348170557,0.04227448375115363
2017-07-05,KO,-0.13881260557483097,0.0963625116329642
2017-02-09,MRK,0.2684184035340763,0.09622682489032967
2016-09-08,WFC,-1.5624831796705925,0.06063615276692069
2016-12-07,LMT,-1.0860988518653092,0.05143185440075217
2017-07-06,SRE,0.12402915821660114,0.09489207693627928
2016-10-17,CHTR,0.16089327333984954,0.06544859586584603
2016-12-01,PTR,0.12067712119300116,0.11243476546044721
2016-10-12,IEP,0.02551161248318632,0.010858813723610361
2017-03-09,RDS-B,0.4398982633559679,0.04755832606684715
2017-08-15,V,0.3108502367113366,0.09217748173870487
2016-11-01,AMZN,0.05949881171614909,0.10652164757486059
2016-10-28,MO,-0.46063842554602685,0.11105831821785965
2017-02-21,BHP,-1.4923563925671448,0.07915251805688765
2016-08-04,UN,0.5879550393699046,0.004981714657361441
2017-06-23,GMRE,-2.69577981556225,0.08314991496071196
2017-01-11,VZ,-0.03816080842611181,0.06665163250906517
2017-02-07,ORCL,0.5076042662842453,0.045540138433613056
2016-08-18,MSFT,0.19694394122323625,0.03802320617687728
2017-05-24,CSCO,0.2085001240075101,0.09331108984878421
2016-09-09,CMCSA,0.24727357378263445,0.05430974052715874
2017-03-20,HSBC,0.014748923560328303,0.06400835037437048
2017-08-11,UNH,-0.22926438389491652,0.050306480712753815
2017-01-26,GOOG,-0.8248033632611771,0.03337816878916988
2017-06-01,ABBV,0.6053465265400308,0.03088710838566977
2016-11-25,PCLN,-0.6502777133809543,0.1506284839245554
2016-12-09,FB,0.031726660399072903,0.08607490773115982
2016-12-12,KO,-0.11008822373305116,0.03456095646465604
2016-10-04,CAT,-0.009141711569550704,0.16590055941304643
2017-04-25,TOT,-0.5001707760467021,0.10626244936488045
2016-08-02,GD,0.047172175512028555,0.03455916523013704
2017-03-30,JPM,-0.4666150302113457,0.08296023217932956
2017-01-09,AMZN,0.3186839414006511,0.07581971229348257
2017-07-14,UPS,0.04798057857433946,0.033634930926378356
2017-03-24,PCLN,0.30410297901212535,0.10880879394740169
2016-10-10,BSAC,-0.15518870820606562,0.03481851090144715
2016-10-24,DHR,-0.4381919425104538,0.12659250073820305
2016-12-23,AMGN,0.42646157398057083,0.04666501603146232
2017-05-02,LMT,0.32244597540082987,0.02428749374563051
2016-12-30,HRG,0.0385232863887881,0.03452922540579806
2017-02-24,BHP,0.5660495085481964,0.10757714817398985
2017-05-15,PCG,-0.16013411108778483,-0.0007532435151084219
2017-07-13,SO,0.08470949717984813,0.04568432517043765
2017-03-21,UPS,-0.06017798409481325,0.06969948037366784
2017-05-25,PICO,1.3396564111785443,0.07183532359274701
2017-01-26,PCLN,-0.09316962296292955,0.012149533813679114
2017-08-03,GE,-0.36037090056741433,0.012351973778381486
2017-06-07,TSM,-0.4493313980613755,0.03563187939563507
2017-08-22,SNP,0.3409238936960056,0.06421625514356935
2017-04-25,BUD,0.08617935108656248,0.06846816699075516
2017-01-19,CELG,-0.371319389850688,0.07090323221337284
2017-07-19,TSM,-0.10463964246038553,0.07236897003184571
2016-12-27,BUD,0.24864100593860564,0.05505376863657352
2017-01-26,BUD,-0.06115507919297798,0.036165300891996044
2017-04-18,UPS,0.6167150692531891,0.07680752450755522
2017-01-25,T,0.3211565828234697,0.04246629417349376
2016-11-03,PG,-0.858825214744544,0.07509826116992412
2016-12-21,BCH,0.46473667266298324,0.06334334066074718
2016-10-14,UNH,1.6407943592409455,0.03005523606884404
2017-05-02,PCLN,0.3229269559036785,0.05721648291091387
2017-06-30,PEP,-0.21239808331399274,0.10625555708921265
2017-06-01,UN,-0.1761502304721964,0.03282451007974174
2016-09-09,PFE,-0.09406221356414092,0.06825851040035455
2017-04-03,PG,-0.04241774434677339,0.00506538281695907
2016-12-01,GD,-0.3119433166659793,0.07936753677131177
2016-12-13,BA,-0.03449871302038234,0.023656091624693815
2016-10-20,JPM,0.2822113774061582,0.07869832720157084
2017-05-12,AMGN,-0.3244885559589177,0.011417375538106109
2017-04-26,AAPL,0.4650429033540907,0.014704167256539113
2017-02-28,UPS,-0.022706872229836316,0.056206886971304104
2016-08-23,C,0.5545915384277414,0.07836292136321567
2016-12-13,NVS,0.20673438715954195,0.04347371397352007
2016-11-15,PTR,0.5886645919604601,0.11767238182063315
2017-07-24,MO,-2.2318016048471905,0.01990714298338994
2017-07-21,BBL,1.1467744236974136,0.11818450508009427
2016-12-23,NVS,0.27094634543023993,0.08620754762732692
2016-12-21,CODI,-0.1117327185629553,0.055409233642708916
2017-04-12,CVX,-0.7651153890365803,0.04606060540388818
2017-07-17,HON,0.3590253464509289,0.04282779286942777
2017-04-26,NGG,0.2589840526447096,0.05550780494978204
2017-02-28,V,0.2531087493362288,0.05286046111983149
2017-01-13,CHTR,0.676691887353621,0.040748315982264166
2016-08-23,XOM,-0.045651638158196194,0.03356020512610981
2016-09-22,BRK-A,-0.4319028396408835,0.06658446211761854
2016-08-26,HSBC,1.4929103686976462,0.11470139989164961
2016-10-14,GMRE,-0.4088382844237586,0.04833187783676139
2017-03-15,DHR,-0.2646909010854484,0.02381757949631297
2016-11-10,PFE,-1.0796863773035328,0.015243850092563585
2017-04-25,TSM,0.5134610152510517,0.027461770762201687
2017-06-21,PEP,-0.17793158548198157,0.03538086070277259
2016-08-23,PM,-0.0838478031823221,0.07848030949363032
2017-02-03,PEP,0.18749327675613298,0.02716110072102576
2017-05-24,AMZN,0.31574882579404656,0.07807239402265563
2016-12-29,BP,0.2708820110195219,0.05319579014347718
2016-11-07,MDT,-1.278861242776116,0.059521215305111175
2017-07-06,JPM,-0.06005989230505415,0.09620893193737835
2017-07-21,AMZN,-0.11008559676591889,0.07237323965245833
2016-10-20,BBL,-0.10606634311363847,0.11538424318113254
2017-01-20,DUK,-0.10112264474103547,0.025559200018688485
2017-02-01,BAC,-0.1931534781757373,0.13288675041468756
2017-02-06,KO,-0.45755254283437585,0.035247603519297024
2017-01-24,WMT,-0.19681331447874545,-0.006554764296148027
2016-12-29,AEP,-0.04429706126400964,0.03383859741326341
2016-10-31,MDT,0.4651657221492124,0.04704244726185369
2017-02-07,SNY,1.209862326335467,0.03493538792914118
2017-01-06,KO,-0.41638031345323767,0.02134238975071477
2017-07-06,IEP,0.43632541486681997,0.0685473396367405
2017-05-23,LMT,0.3267816583121378,0.05358309343321285
2017-01-10,SRE,0.531177885370383,0.08072634136254243
2017-08-07,CHL,0.923270490495969,0.0240049773481993
2017-01-13,UTX,0.021761790948375083,0.05972318852283577
2016-11-10,GD,-0.1059812624406355,0.057973895145338336
2017-04-28,BCH,0.28995807669702856,0.0567391897756656
2017-06-07,DUK,0.05336164123939983,-0.016173258300572257
2016-12-07,HRG,0.1696584398895394,0.1761566540762075
2016-08-26,CVX,-0.07713080553197857,0.043178630388324965
2016-09-26,DUK,-0.7592107344153314,0.06953859200103171
2016-08-02,JPM,0.6856759843228186,0.03487859622365981
2017-06-29,CAT,0.24087629684482348,0.08932510409857038
2017-04-07,CAT,-0.2910528468446252,0.1278393542744572
2017-08-25,MDT,0.2488888869600761,0.014128871286537892
2017-04-03,CMCSA,0.058485816408347865,0.039987452566636786
2016-11-28,HSBC,0.36967936025472303,0.054585168672843076
2017-06-22,XOM,-0.09395640527716431,0.06832569860923636
2017-03-06,SLB,-0.5348372107582564,0.03866595078452738
2017-03-20,BA,-0.37020258442154885,0.0671530435288126
2016-09-26,HSBC,0.41903209343133146,0.14035444312892859
2017-01-17,BUD,-0.01694737938502981,0.04538865553348333
2017-06-05,BA,0.1108331087627958,0.07851407744911203
2017-06-28,PTR,-0.21618279021879722,0.02696026075472545
2016-10-12,TSM,-0.23744877087392843,0.13127641102023246
2017-07-18,BABA,-0.17113635122103701,0.09237733436099592
2016-08-26,HON,-0.06176690972522545,0.030491012117508848
2016-10-20,PTR,-0.3784350639600253,0.16152141484471633
2016-08-25,BAC,0.6641496638942905,0.09083587354092694
2017-03-09,INTC,-0.3833277450832221,0.022009109901187415
2016-08-31,WFC,-0.35750346101388725,0.06286872709171
2017-05-17,T,0.36504302541067774,0.0349668902787304
2017-04-24,C,0.06004519462078493,0.07509392275443098
2016-12-15,CELG,0.11742267147207905,0.05588534031371793
2017-08-09,PCLN,-0.5430744951835593,0.11924354004228861
2016-10-28,UL,-0.22163809411359217,-0.0031942696246157545
2017-06-28,REX,0.1634353039127338,0.0639436285964661
2016-12-15,REX,0.002004911091729067,0.10447092710659404
2017-05-08,NVS,0.6764905206522445,0.04851759347099385
2016-08-02,VZ,-0.1263238766870982,0.050117258521864216
2017-01-20,HRG,1.6884071898331185,0.03637660323561473
2017-07-06,AAPL,0.6940467211229426,0.0684943448488397
2017-03-16,BA,-0.10465659870847673,0.07607018223566885
2016-11-22,GOOG,-0.2681026844035378,0.13874497199085717
2017-08-09,DUK,0.23141970234020212,0.016351281039366866
2016-09-08,ABB,-0.35635745733451085,0.061759761267070556
2017-02-08,T,-0.04372679114935729,0.04411827998932501
2016-08-22,PG,0.33115435735400967,0.057735432163664197
2016-11-17,SO,0.11754915371851712,0.12522344935705138
2017-06-05,HD,-0.34010788952088866,0.031132836677673303
2017-03-10,BAC,-0.35878792865213927,0.14063071542462302
2017-03-27,AMZN,1.0285699986256158,0.03108909392881709
2017-07-19,CHL,0.20532102021592696,0.0020244183949834557
2017-05-18,GOOG,0.8275820580088155,0.10728198549428804
2017-05-31,TM,-0.0018602315538595148,0.05981976745679014
2016-12-07,UNH,0.05763509685465436,0.06618642198147293
2017-07-27,VZ,0.33188896150249125,0.09566010505891544
2017-06-08,BA,0.5729804274068024,0.0673325691696652
2016-10-18,BABA,0.16959149848596686,0.09249335145329031
2016-12-15,MSFT,0.30762381093724905,0.07116587614877327
2017-03-28,GMRE,-0.7074346571470673,0.08654596685305478
2016-09-06,AEP,-0.6870117637128896,0.06137191220466541
2017-06-28,MCD,-0.1574558356882994,0.03024059811477335
2017-02-14,EXC,0.1857827504208057,0.04324209963417433
2016-12-07,DUK,0.22903050764777716,0.13877824339257822
2016-08-29,SLB,-0.4632874173450019,0.016293263253434623
2017-04-21,UNH,0.4300242269355241,0.06469713027898648
2017-01-06,TM,-0.05334653603254853,0.06289762921770786
2017-02-24,REX,0.23464227582246408,0.05007025161638698
2017-03-27,ORCL,-0.10284930628225035,0.1034935224342209
2016-09-01,BBL,0.5950360503538464,0.09039348569425128
2017-06-20,RDS-B,0.062139770080092284,0.06944302461251863
2017-07-26,BABA,-0.5044127008220899,0.05804640142393906
2017-03-14,DIS,-0.09997310136948509,0.001817775591683772
2016-10-24,JPM,0.11293546053164452,0.05641258333783339
2017-02-16,SLB,-0.2430583625575668,0.008922058483887607
2017-07-13,AMZN,0.5533202978349978,0.10522618779468397
2017-08-11,CSCO,-0.7115873463026541,0.07839407151814655
2017-03-31,CMCSA,0.31698780094347406,0.045653103025842204
2016-09-01,UL,-0.23983008299550884,0.019330986261333838
2017-05-18,V,0.7133302684019707,0.030897494831062522
2017-06-22,TSM,-0.42162663635638997,0.10772395675195869
2016-08-04,PG,0.15742476621929336,0.03240134404510227
2016-11-11,MA,0.030563618164022442,0.1478198450501711
2017-02-10,NGG,0.003339967166426994,0.04947025467403536
2017-04-11,DHR,0.05328738257348855,0.03359291973306
2017-04-28,BRK-A,0.1783932434930708,0.05262306952202403
2017-03-22,PM,0.07067105335978316,0.06546543356432993
2016-09-15,BABA,0.9187348455821454,0.11625378274442828
2017-05-19,TM,-0.08571708053648386,0.062402580008383904
2017-02-16,TM,0.07396961747121895,0.010401279939645014
2017-02-08,AAPL,0.6053333168234036,0.09863096540103759
2016-10-13,DHR,1.0156291332269756,0.09203805103894606
2017-08-07,BCH,0.23159128352346983,0.05984649941989058
2017-02-22,BRK-A,0.9123320239706392,0.047602764235170236
2017-08-15,PEP,-0.17729978397334345,0.02950077518824723
2016-10-27,TSM,-0.32105570736127265,0.14405331042056124
2017-06-29,NGG,-0.5673231396027031,0.06417145397729819
2017-03-30,BAC,-0.5177450718626018,0.09934310178621857
2017-07-13,T,0.17049519131797553,0.0636072319780243
2017-03-07,MMM,0.13072761640601488,0.04628747304008768
2017-06-13,HD,0.4723302622550509,0.012030645501914017
2016-10-03,AAPL,0.6178054803853416,0.11647513020997306
2016-08-17,MRK,-0.17774965733050607,0.16764813414193697
2017-03-07,JPM,0.02186753346828747,0.09094528790702046
2017-08-14,CODI,-0.174165401766292,-0.010337976755680031
2017-05-15,PM,0.6755391209779844,0.0315237059179288
2017-06-07,SO,0.08217023997389072,-0.02698468556931314
2016-12-16,WFC,0.22282357973511102,0.08046334080936128
2016-10-12,REX,-0.7115422744249711,0.026689150669970532
2017-06-21,C,0.41858840984122886,0.09747175393758233
2017-03-16,GOOG,-0.7490256081669782,0.006975440573625015
2017-02-21,PG,-0.13133451481858502,0.04049058705645711
2016-09-07,CELG,-0.16899941185330256,0.03330388210488831
2016-12-19,GD,-0.00573014041394071,0.050679599865726024
2017-03-29,PCG,0.25352807790909676,0.03135597368527314
2016-12-27,UPS,-0.17643987167911573,0.03711555628848401
2017-06-20,MCD,-0.04548495660942116,0.025811346787656966
2016-09-01,CVX,0.21044443548564146,0.030049277734614674
2017-04-27,V,0.2214765254305111,0.04376440476858039
2017-04-17,C,0.15198749271749473,0.10642026835976436
2017-01-05,GD,0.04310043640307989,0.026818505062753017
2017-08-03,IEP,1.3800409006155647,0.03704410305202806
2017-03-28,UTX,0.04430056953136765,0.05714156080464118
2017-01-31,NEE,0.09836802969622374,0.03315714685724108
2017-07-20,TM,0.3304670100935688,0.08053705828239367
2017-06-14,SPLP,-0.3234582544307094,0.027956919423212545
2017-07-14,V,0.5434626576908252,0.06408718038378933
2017-07-12,MO,-0.09223998861800173,0.05528073365318399
2017-02-01,DHR,-0.13451979184553398,0.08689600829021686
2017-01-04,PCG,0.09549606470581595,0.023376074251803214
2016-12-14,XOM,-0.0663509912035054,0.04056016753979648
2016-12-08,CODI,-0.6799508727152637,0.1053929574525314
2017-07-17,MDT,-0.22670462636874555,0.039155121998149314
2017-03-14,TSM,0.7977187342610137,0.05358255123121709
2017-02-28,BRK-A,0.44312913564036693,0.033595621987292046
2017-06-23,SNY,-0.584164097877908,0.026693080026986463
2017-08-04,TSM,0.06096720977116492,0.026080411940781825
2017-01-05,PEP,-0.5558345837058444,2.6943846562273166e-05
2017-05-16,REX,-1.1847289124563534,0.16291415007894183
2017-08-08,HON,-0.18110028853200694,0.043002816604224794
2017-08-23,IEP,0.24357127054550604,0.0417816763235167
2017-08-10,MMM,-0.08552290225643375,0.08354857405876169
2016-10-03,FB,0.22702084592129576,0.08029849904645274
2017-08-22,MCD,-0.032598261194519404,0.016861478594989224
2016-08-29,LMT,0.02882631619351968,0.016419133752086312
2017-04-21,PTR,-0.09656275418645402,0.040381907342356776
2017-05-11,UTX,-0.2084521154049353,0.055396333705411735
2017-06-05,TOT,-0.24101322487784982,0.05922268829631373
2016-09-08,AAPL,1.8195160204266068,0.029958207183643934
2017-03-22,PPL,-0.10655377875072794,0.02427769324748598
2017-02-14,MRK,-0.11302093440614924,0.08046425615373594
2016-09-14,LMT,0.5328330554885138,0.014343806046862403
2017-05-18,CMCSA,0.8455902290412108,0.06552239279716174
2017-08-18,SO,0.004141186227405935,0.05146954990123928
2017-08-09,SLB,-0.5511176917970415,0.01713550298315432
2017-04-18,MCD,1.372799230443135,0.0034640809377673235
2016-09-22,SPLP,-0.027681388709013665,-0.02654068406837041
2017-01-25,GE,-0.4528999084504825,0.013011068976543
2017-08-03,AEP,0.21087122006271616,0.006446023629046921
2016-08-31,LMT,-0.11060787690274373,0.008768039238420192
2016-11-01,BABA,-0.25871087109180585,0.04713258797216269
2017-02-07,WMT,0.5223458256260095,0.003741412482917178
2016-11-18,D,1.0992381032170935,0.1354816891064306
2016-12-08,CSCO,0.44901023070951795,0.07138824658788566
2016-09-01,BHP,0.33459780905823905,0.08966089035465628
2016-12-05,AGFS,-2.085922392040793,0.8491402313241724
2016-08-25,UN,0.07777059101434679,0.03334671142131358
2016-09-22,HRG,0.11564439544536169,0.06581425446855127
2017-07-25,DUK,0.3219383719258935,0.05791087521313326
2017-03-29,BRK-A,-0.06906502458500335,0.07396703555860905
2017-07-28,AAPL,0.9011303198226228,0.03235900954679309
2017-05-30,MSFT,0.590538994247403,0.04278767203116712
2016-11-01,MCD,0.32868795972063547,0.028717071546172382
2017-03-24,REX,1.7955580482411713,0.11876168088601823
2016-09-23,PEP,0.2646820162057237,0.059658018203025395
2017-01-20,MCD,0.0979131658516225,-0.0007689697471002441
2016-09-01,REX,0.26487137630652036,0.19723258884395045
2017-07-26,HON,0.03318712033129341,0.03465916681943011
2016-11-09,XOM,-0.11628121633431751,0.03417479532651434
2016-09-28,HON,-0.2207189265692262,0.0768975247914165
2016-08-31,PFE,-0.04602980477474798,0.0296753264778708
2017-06-01,SPLP,-0.24751674534359513,0.005214388247931384
2016-10-20,BHP,-0.21243250456896984,0.1209886382135399
2017-04-28,JNJ,0.0064777132948927955,0.032068456919396984
2017-01-26,ORCL,-0.0748994980823097,0.03464227576034966
2017-06-02,ORCL,-0.27787389820555697,0.017250121945724464
2017-03-09,TM,0.1863112439664198,0.03383461477027115
2016-12-20,RDS-B,-0.11758702296756707,0.0675473031031983
2017-02-08,JPM,1.0492344448657254,0.13583827052859665
2016-09-08,SNY,-0.5923744115118075,0.016009185469756396
2016-10-03,BHP,0.5992547372828304,0.19092891147973035
2016-12-12,UTX,0.07775499747971448,0.04034194905507631
2016-09-22,EXC,-1.1271398979064813,0.07651863611419442
2017-07-31,CMCSA,-0.4197006269280882,0.035233634517378945
2017-01-09,BBL,1.7971769678555691,0.09056411121002468
2016-11-01,BP,-0.016964387385373463,0.08820242901382074
2017-04-27,D,-0.10065336285857474,0.012507944682035935
2016-11-16,UNH,0.26750777142218674,0.07108982601011386
2017-02-23,CAT,-0.25064961747701864,0.10233329472048268
2016-08-02,AMGN,-0.23914854476078223,0.06440119600374997
2016-11-30,BSAC,0.7342771926402029,0.026373024915427007
2017-03-09,BBL,1.2687641453739844,0.0897639158749106
2017-03-17,PTR,-0.08302745540048824,0.05774702508065886
2016-12-02,C,1.3860432312889066,0.05912159705722633
2017-08-09,SNP,-0.7058930286281654,0.017659582218442396
2016-09-26,UPS,0.062380073491085805,0.06923553038637063
2017-07-13,XOM,-0.02718802566472784,0.038306043508860146
2017-03-24,BHP,-0.1043517430987821,0.13579846797928918
2017-04-17,T,-0.1394413688722756,0.01192901791324856
2017-05-02,AAPL,0.859835339966582,0.017906620120373085
2016-09-06,BAC,-0.0761903620610428,0.09957265404083655
2016-09-21,MA,0.04931613249655072,0.11712884173877135
2016-11-14,UPS,0.3145790986571568,0.05612520951844306
2017-04-06,PCG,-0.06542794715720879,0.017989410992924393
2017-07-31,BUD,-0.18818657279657933,0.11883743633765477
2016-12-09,CODI,-0.6780297699006277,0.06641203875829092
2016-09-13,UNH,0.5187845306813343,0.044854862772196136
2017-06-02,TOT,-0.3243940651296048,0.0641691789448515
2016-08-24,PM,-0.03998891564686545,0.07714496490697047
2016-12-19,TM,-0.4062647755115787,0.06558817354232686
2017-05-22,PICO,0.18209413139913333,0.07998385273452795
2017-07-18,SPLP,-0.05412614794404489,0.007623039393320756
2016-12-12,C,0.03691111624739053,0.0889138444283195
2016-11-25,SO,-0.43158079393481463,0.09779130532338533
2016-11-02,BP,0.25566175860401297,0.08780691478501336
2017-08-23,MMM,0.10040418763856351,0.08068512279122671
2017-06-08,WFC,0.503502242875377,0.05548344897614835
2017-01-06,REX,-1.284048457048606,0.007005382941502873
2017-07-25,JPM,0.049506778230120306,0.05167955941141299
2016-12-21,PICO,-0.06611576268998812,0.11710383495779024
2017-06-02,CMCSA,-0.6289828033890259,0.08229575956358244
2017-07-28,HRG,-0.4238741631600476,0.015093785691696004
2017-01-31,MDT,0.02629138830956928,0.05998045465377928
2017-06-16,HD,-0.692388591432507,0.022009169153960673
2017-05-01,MO,-0.02544221466695047,0.035790675742327874
2017-06-01,FB,0.41537646856404625,0.024168867245165856
2016-10-18,PPL,0.17284954169931216,0.07760271688725141
2016-09-01,TOT,0.4062331135740136,0.08698793203347858
2016-08-16,GD,-0.03283768009340156,0.0597957932152101
2017-01-26,TOT,-0.20184323092695583,0.061679320407916766
2017-06-13,BSAC,-0.07889635633417794,0.06963166741420541
2016-09-15,HRG,0.12928293239778466,0.09346066292709708
2016-12-21,CELG,0.18558463075089998,0.04707885297127916
2017-03-03,CMCSA,0.05366254756597777,-0.0006376537360862286
2017-03-31,SPLP,-0.15686564075595302,0.0698929118227067
2017-08-03,AMGN,-0.5907977812812539,0.03866611731279282
2017-03-07,IEP,-0.45146260497346197,-0.005250042539215266
2017-05-12,HRG,-0.17977650146860474,0.07069476573732629
2017-03-16,D,0.37663946048463515,0.04853757581795169
2016-12-12,CHTR,0.7756377100548095,0.09494674120483775
2017-05-19,AGFS,0.11412299153709178,0.297986531006764
2016-09-09,NVS,0.17469459163655218,0.0772491194048935
2017-01-23,RDS-B,-0.3865345347020009,0.03748922003060763
2016-08-25,CELG,-0.2874794595310915,0.0712243914868239
2017-04-10,DHR,0.09962427852136188,0.03582048223605323
2017-05-15,C,-0.11756939441369678,0.06188486129010683
2017-05-11,BSAC,-0.025257843811614576,0.05710818111342236
2016-08-31,V,0.5053082046181401,0.06765329978260078
2016-09-14,SO,0.700348669660374,0.10139580487391252
2017-03-13,UNH,-0.2613799132934923,0.07554551120765869
2017-04-04,HSBC,0.3038514877962625,0.05468131110655637
2017-06-05,SPLP,0.0866740251423649,0.007975606540274183
2016-11-01,SPLP,-0.4542435707946897,-0.022561305750126437
2017-03-17,LMT,-0.33816276946764406,0.0327103365990315
2016-08-18,BSAC,-0.522129164908822,0.07957825515446083
2017-06-12,IEP,0.6391876917412408,0.04120173420232341
2017-06-27,SRE,-0.31170357903370427,0.07418736528188309
2017-03-08,SPLP,1.152581126789256,0.019866220074632512
2017-05-26,SNY,0.3880473426147453,0.0661087830439642
2016-09-23,BBL,1.2846265470757832,0.17555194906571475
2017-01-23,PM,0.2516791446669213,0.05394165461034833
2017-05-04,PICO,0.29895922871746455,0.20542532298585037
2017-02-02,MA,0.40671694542680276,0.04659042988662651
2016-08-12,MA,-0.18815196837187814,0.08069176648288003
2016-09-21,JNJ,0.08056897477475515,0.03412777294723818
2017-05-15,BCH,0.18245700199092885,0.03478062325105549
2017-06-21,PM,-0.21077511731726067,0.06688950076521437
2017-08-10,JPM,-0.3369145448218133,0.07127624748852894
2016-11-08,KO,-0.683179931545434,0.04548901855496201
2016-12-29,IEP,0.6567627004047608,0.15644918254747825
2016-09-29,MMM,-0.4299774413736396,0.08937693639400086
2016-11-04,TM,0.24987948634902796,0.1347782334755641
2017-01-10,PG,0.4998917980508278,0.02334135531855562
2016-09-16,V,0.11420856502285774,0.13114413665197183
2017-04-07,SPLP,-0.5859263398998229,0.044491217380682055
2016-08-01,UL,-0.08288729390996355,-0.004988439757621095
2016-09-07,SNY,-0.19284376232179917,0.005443118302497198
2017-08-01,AEP,0.37165503141904865,0.01519606967938375
2017-05-15,PG,-0.027819199809526674,0.008391460759372082
2017-01-12,BCH,0.09511988162149944,0.05595092756779178
2017-04-17,GMRE,1.5432874237944136,0.21557904250840965
2017-03-03,LMT,0.06711183201417788,0.01992300306065642
2017-08-04,ABB,-0.4846615460213857,-0.004144097459438348
2016-11-21,BAC,-0.03938603428017678,0.14098828141797187
2016-09-12,IEP,-0.03195508256291528,0.06853781600684324
2017-03-06,UN,0.5215680704705634,0.25745610795677604
2016-08-16,PCG,0.38265122055360107,0.06693553358663829
2017-04-11,RDS-B,-1.1667859940272565,0.03696121890797727
2016-11-16,D,0.5058644088616712,0.14015466760654838
2016-08-30,TM,-0.08265227596176503,0.12429533734195834
2017-08-09,KO,0.2658285101472903,0.018903382042958924
2017-01-23,WMT,-0.06913731719770637,-0.009605444923732213
2016-10-18,CAT,-0.46260532684476346,0.10214217761407983
2017-03-29,REX,-0.7778006504034624,0.14122968433329586
2017-06-30,JPM,0.4976083614692207,0.09198251786785776
2016-09-27,AEP,-1.0403344825760261,0.08679321199355729
2016-12-08,NVS,1.0012919840465309,0.0674768879310246
2017-06-08,PPL,0.015218263451049607,-0.004469784342682456
2016-12-15,NEE,0.3170508725157989,0.04274717094740027
2017-04-26,BABA,0.2764143493634246,0.07238349190580386
2017-01-05,AGFS,-0.21778799598536316,0.12529099975209285
2017-08-24,NGG,0.14465566092213192,0.03210735585274879
2017-02-02,CMCSA,-0.01598642182366271,0.08734146350046036
2017-03-16,SNY,-0.026942994574364464,0.01294594613870198
2017-08-08,GOOG,-0.09886407173188386,0.028616483059441672
2017-01-19,MA,0.1560286164511669,0.08571598511438898
2017-05-25,PEP,0.16070602340542606,0.013134576533960038
2017-02-09,PCG,0.15837947395433283,0.05672104049843049
2016-09-20,SLB,-0.010621521505754572,0.03280741794550912
2016-08-31,ORCL,-0.24408172628837582,0.021594322260342205
2017-02-24,ABB,0.2029592736140263,0.05658672379380354
2016-11-29,UPS,0.044671867337885425,0.04774866422471441
2017-08-04,BRK-A,-0.5253585364122049,0.009961836309624758
2017-02-03,EXC,-0.42939426223166893,0.060052794820234054
2016-12-22,NGG,0.16871869899449632,0.030162462343325758
2017-05-17,BUD,-0.1646796391812852,0.13868785227072938
2016-10-24,SLB,-0.5248136704434087,0.07379517871794473
2017-02-13,D,0.277463630015325,0.048078918367971665
2017-03-27,IEP,0.18418879598757243,0.021062424680300798
2017-02-28,TOT,0.05994546281540427,0.07073068115158022
2016-09-15,UNH,0.7852095245236764,0.03740987356644286
2016-10-05,ABB,-0.32780393783395134,0.07930684251196711
2016-12-09,SLB,0.1691357353518394,0.05682204901774565
2016-12-29,BAC,0.6088218950055747,0.12812189625371495
2016-10-17,PM,0.29103467993224935,0.0952098142299632
2017-04-05,GOOG,-0.1712841929652277,0.0395610952744304
2016-11-29,CHTR,-0.29956796640311417,0.11621809613400573
2017-05-03,TOT,0.5082217049482349,0.1120876620120115
2017-05-15,AGFS,1.0171683446698228,0.46413174674863167
2016-08-16,GMRE,-0.4602135331980179,0.035081392137947476
2017-02-02,MRK,0.0653342563317594,0.11363009719889862
2017-01-18,SRE,-0.23455581741970902,0.06117266750771143
2017-07-05,AGFS,1.5480139642139528,0.15633329232338405
2017-05-05,SNP,0.5792404844025559,0.03547909141926023
2017-04-07,BBL,-0.13862752632340458,0.12346312831508853
2017-06-05,SNP,-0.15308965688110665,0.08144016727209098
2016-11-30,ABB,0.6453714987735284,0.00982999144213588
2017-01-30,SRE,0.35002391347964906,0.05806826352507459
2017-01-20,PM,0.36671386002996265,0.06340878197415598
2016-11-17,CAT,0.6427182767171156,0.08736328302448805
2017-03-09,PTR,0.24010497665531974,0.05084954593994104
2017-04-21,CVX,0.3421809068280481,0.05251482418966057
2016-09-13,AMGN,0.47626858916846987,0.08620478748196377
2017-07-19,ABBV,-0.04953249880950935,0.03284575398050764
2017-03-20,NEE,0.18545088720772043,0.022649472216147326
2017-02-15,TOT,0.09011534019792836,0.06426917498848495
2017-08-16,SPLP,-0.5033099441636001,-0.01990995759643821
2016-11-15,DIS,0.002046927423458922,0.06108493439997671
2017-04-13,CHTR,0.5074476889902595,0.06923337063380408
2017-08-04,GOOG,-0.2946291884933241,0.026235932374799334
2016-11-17,AGFS,6.62714271908885,0.5652486456130186
2017-08-03,MDT,-0.060121489870492886,-0.00548851423994795
2017-07-10,BSAC,0.3466298906830333,0.08054038258032419
2017-05-26,BRK-A,0.11714238968795936,0.04945516369997999
2017-03-30,PM,-0.1645215060885975,0.04740888920909528
2017-02-06,HD,0.48923952513767555,0.04820703344968698
2016-11-29,C,0.846388002254858,0.06750917709646656
2017-04-24,CODI,-0.2373936898821956,0.03963622911502461
2017-04-05,MRK,-0.1642721622109784,0.029195804110599147
2017-05-31,SNP,0.16740647523663124,0.0785315661453531
2016-09-08,AMZN,-0.3699541300804187,0.053694714738215646
2016-11-01,CHL,0.05955042776733834,0.03426410373361169
2017-04-21,AMGN,0.35956955799442425,0.03015712785164984
2017-07-28,BHP,0.034001223344071164,0.08902651838232518
2016-08-30,ORCL,-0.029071190587449565,0.01823213608954867
2017-02-07,HD,0.677740164112839,0.03549104935657871
2016-12-30,PICO,-0.06611576268999061,0.13900357168465083
2017-03-22,SNY,0.26684931472825035,0.03693005572937168
2017-04-06,PPL,0.09068050307954878,0.018115743871190068
2016-11-15,BP,0.5458892142062602,0.022460320712715254
2017-06-05,UTX,-0.18268021171603607,0.03772115339589295
2016-09-29,MO,-0.33387566491865855,0.056106058261926106
2017-08-14,SRE,0.33557010585744884,0.04590731535004164
2017-07-13,NEE,0.40837901227880585,0.07042756041921337
2017-03-17,PCLN,-0.22145954610499458,0.09497180707831974
2016-10-28,CODI,-0.9329540610584139,0.07316403273160106
2016-09-26,SLB,0.8597909915785754,0.04879825228682752
2017-08-07,UL,-0.006984809054358032,0.02215334696748071
2017-05-01,CELG,-0.94068934885861,0.02754460795110196
2017-05-05,BA,-0.03864502968846485,0.05507856269226909
2017-02-16,V,0.23202982950853507,0.06189091330148984
2017-04-11,GD,-0.06699811988574356,0.067943736108699
2017-05-11,D,0.18213547776370204,0.034722773114141015
2017-06-15,WMT,-0.8782095940176593,0.05189515472117784
2017-03-01,JPM,-0.5173159369553264,0.0733769386891245
2017-02-14,PICO,0.28881368309588795,0.02532675885055033
2016-11-03,SLB,0.35873111545621555,0.06961116234636337
2016-12-20,MO,0.0504293807931724,0.05536797525445469
2017-04-05,UPS,-0.475917165007359,0.0631229021652242
2016-12-05,HSBC,0.7678092853790535,0.013701274517077505
2017-05-01,HRG,-2.2227512407749406,0.04886957164555039
2016-12-29,SNP,1.0082481722210634,0.05316039019274767
2016-09-12,BHP,-0.34466867408004037,0.11543299495201505
2017-01-19,MDT,-0.33749391951029556,0.06651158324410107
2017-07-12,PICO,-0.11730238904796327,0.06101140862347179
2017-06-19,CHL,-0.3380138720651506,0.005685721341437439
2017-05-11,HON,-0.12467523779758502,0.07014047694100473
2017-02-21,BP,0.053134932899039686,0.01344985000620956
2017-03-27,TSM,-0.16954341296029724,0.0858932123783417
2017-03-21,DUK,0.06038310405971129,0.01952075233275921
2017-07-19,BAC,0.1243015072775667,0.053147280111297324
2017-08-10,PTR,-0.5375097801838138,0.0865369175308651
2017-07-24,UN,0.19347073278410729,0.05809906860918809
2017-05-18,BP,-0.060347996824575215,0.07671046701174193
2016-10-11,WFC,-0.2212412470406595,0.04105912776503988
2017-01-03,PCG,-0.09963401152136402,0.02776196568884491
2017-07-25,ORCL,-0.3987097481386599,0.039259771187156914
2016-09-21,PICO,-0.4286490693865228,0.1538040155609225
2016-12-06,SO,0.9406642824378679,0.11697489530881745
2017-02-10,TM,0.14298979911981205,0.02749860794686304
2016-08-30,PFE,-0.022952454062934058,0.02954226377146907
2016-10-27,PPL,0.24786342492021482,0.0956467102120611
2016-12-30,RDS-B,-0.04835678243477246,0.04342788238962286
2017-04-25,HSBC,0.08227495155828446,0.04546407362696342
2017-05-12,PM,0.5352500056427832,0.03338748009855416
2016-09-01,DIS,-0.39427076590999055,-0.0013988303987564413
2017-07-07,DUK,0.100441909209903,0.08258125670948992
2016-11-11,FB,-0.33893372574823244,0.11646230622020552
2016-09-28,DHR,0.041182761513464464,0.051545813833947754
2016-12-19,PTR,-0.29394691157022457,0.1560126116894457
2017-03-17,DUK,0.2790815279322648,0.011051602422695456
2017-06-28,PG,-0.2276119430395335,0.05527854049420382
2017-01-05,IEP,-0.21677825199669476,0.17543921818316388
2017-08-23,SNP,0.4719288510572552,0.06639717255635584
2016-10-20,TM,-0.22338879225034475,0.10017723424990334
2016-12-15,EXC,-0.23648518879325833,0.10147791965992096
2016-08-26,GD,0.2920896367636325,0.05971458312288733
2016-12-05,KO,0.62050606237615,0.09632629737690819
2016-12-13,DIS,0.30768418235822764,0.0363767745431095
2017-02-16,C,-0.273473606482019,0.09514358780074957
2016-09-19,UPS,0.31858458457927713,0.05120591791922145
2016-12-09,INTC,0.30526586634211006,0.07132797238490755
2017-01-24,UPS,-1.229626529070197,0.01804393026788259
2016-10-31,HSBC,0.45193729967610574,0.08161956686540715
2017-07-19,EXC,0.15452289818875126,0.09100784313425779
2017-02-06,JNJ,0.4326760115255657,0.01923530250843139
2017-02-17,JNJ,0.7188663180082318,0.012660249242021013
2017-05-02,GE,-0.041436421675818146,0.01569140127375447
2016-12-15,GOOG,-0.16587911056701587,0.06652244200193053
2017-01-11,AMGN,-0.36338579177667835,0.09522801580573205
2016-10-03,PPL,-0.8668226514893427,0.11771460313090713
2017-06-23,DHR,-0.2656250987992516,0.03923859646862067
2016-08-09,PFE,-0.16602394966516185,0.02207400475943952
2016-11-21,PEP,0.05468965226623172,0.12197560043533952
2017-04-07,ABBV,-0.18091990259831814,0.044996441533679904
2016-08-17,HRG,0.22486183148360803,0.14904652149203734
2016-12-07,GE,-0.0633921825052935,-0.003925873010960784
2016-10-13,MCD,-0.8568419755267808,0.00653156061845022
2017-04-19,MCD,1.1997146131971903,0.0068952528136278154
2016-10-26,CHL,-0.6039382929977055,0.030707818965941727
2016-11-25,AGFS,-0.7178584612121348,0.843775156809285
2017-08-02,UN,0.2946772563161558,0.028389981662678712
2017-04-26,UPS,-0.05024150626462628,0.04269069438000385
2016-10-14,CHTR,-0.19740708629792764,0.05542403618487313
2016-08-23,SPLP,-0.24573579396788742,-0.006245561342136559
2017-01-27,GE,-0.20767208036457782,0.016149453071858028
2017-07-13,BA,0.3889583531451654,0.07447970747668516
2017-04-21,JPM,0.5783998771364244,0.08873359137073487
2017-04-17,CSCO,0.4067535801262185,0.04943276072795334
2017-04-10,WMT,0.22593154813639726,0.027545518988258605
2017-06-09,PM,0.28434831778606184,0.0624158650436039
2016-11-04,BA,1.4003674854439918,0.15181807206593217
2016-08-17,PG,0.0803321501386787,0.048364990612939585
2017-03-29,PICO,-1.0482748536808029,0.10168905446661021
2017-05-08,UN,0.2970166059745627,0.028592095751345664
2017-05-31,CVX,0.05596987127240567,0.0509565320749297
2017-05-09,HSBC,0.6871952531411886,0.08915551679200641
2016-10-11,BP,0.11148217026266631,0.07988773755564814
2017-01-31,INTC,-0.1146693944047926,0.048508430325397964
2017-03-21,GOOG,-0.23108297551148188,0.04875215231914823
2016-11-14,BAC,0.24746312186678168,0.10099874176849262
2017-01-31,AEP,-0.04062911030961512,0.028455779727756064
2016-09-22,MO,-0.40965794883047674,0.03355834952654062
2017-02-01,BBL,-1.7871537280386662,0.15449445336838724
2016-08-09,CVX,0.25498019299549235,0.02463012442433342
2017-06-22,MMM,-0.41613542417311394,0.07645922399675699
2016-08-05,AEP,0.0771268856461704,0.054784146429863734
2017-01-10,NEE,0.24307783380312245,0.05407922944863219
2016-08-31,ABB,0.8846204962666129,0.05820090790987033
2017-06-14,BBL,-0.7719319688481683,0.07091065860782704
2017-05-19,KO,0.6675490080728136,0.01639286724194053
2017-03-23,WMT,0.4892406858509471,0.000911822570823978
2017-08-14,WMT,-0.24687004413653685,0.03041931454837722
2017-06-14,HON,0.0014894229030273487,0.05742881463651105
2016-08-11,CHL,0.2781332712164549,0.05522307894600774
2017-01-09,ABB,0.7575612366092511,0.07123296497916513
2017-01-17,BRK-A,0.1478013666674191,0.04434702371925253
2016-08-12,ABB,-0.00906358168573873,0.08222533412924281
2017-05-24,CVX,-0.37057597815865717,0.05780962671900436
2016-08-05,REX,0.15543710583517029,0.05961667535988502
2017-01-11,UTX,-0.048706962809067056,0.06681040028741964
2017-01-31,BHP,-1.0490784584809456,0.130989372701369
2016-10-28,PG,-0.4095043188014925,0.08107733610873501
2017-06-30,DUK,-0.09593352161139829,0.09191516240743332
2017-04-10,NEE,0.3841436543565247,0.006323519962605821
2016-12-30,NEE,-0.18670274436597056,0.03850165351978213
2016-10-10,XOM,-0.43435513924917946,0.056344553230804784
2017-02-27,T,0.06684225837383465,0.015388461790696
2017-06-28,BBL,0.8530892173847745,0.07038899032017075
2016-12-05,PPL,0.6418659520354513,0.13861199289410736
2016-08-02,LMT,0.2828177178025335,0.0014551536355700834
2016-11-21,HSBC,-0.0812416913620034,0.047956849118526476
2016-10-06,VZ,0.01193603352966141,0.07570011732569294
2016-09-26,CSCO,0.4395055467436796,0.1031594541657153
2016-12-07,GD,-0.5327284273915103,0.07940957907889797
2017-07-19,CAT,1.0247530426766915,0.04971844484057386
2017-02-09,PFE,0.7516039111731931,0.03077175056752078
2016-10-13,SRE,0.14289182713582438,0.09800253284180853
2016-08-05,PEP,-0.012888796583660975,0.041636178120892126
2017-08-01,AGFS,-1.2619165118614368,0.18180639637589557
2016-10-19,PICO,-0.7926633867131965,0.190871059790304
2017-07-03,CODI,0.05706015656259156,0.04253068774338768
2016-08-26,SNP,0.33258514640424497,0.04472229602503151
2017-04-13,FB,0.6062560653366559,0.05287735783689901
2017-04-11,GE,-0.02664864238379201,0.049281232873703326
2017-04-07,V,0.23971243511207757,0.0472373653222731
2017-01-10,PM,0.6456739867728714,0.06468788571372684
2017-06-01,VZ,-0.13808013394426571,0.024192974195855532
2016-08-10,CELG,0.0035550026434915893,0.10860272353041055
2016-08-02,IEP,-0.2587790151944115,0.08720262821323392
2017-05-08,RDS-B,0.4765460773602269,0.07742752812416377
2017-07-11,ABBV,0.28725474627290565,0.033930030167419176
2017-01-11,CMCSA,0.24945000981959123,0.04513147995428639
2017-02-28,IEP,-0.6616054797365318,-0.010454552994438815
2016-08-16,MCD,-0.4718609974045174,0.0028499343549277245
2017-07-31,SPLP,0.053980061216154306,-0.011876055083161877
2017-07-18,PICO,0.11799444254376763,0.045660765356685576
2017-01-25,SLB,-0.5549354066630372,0.030027380577183183
2017-06-19,HSBC,-0.12260340505125562,0.021824845388637132
2016-08-24,PTR,-0.3213534480743621,0.04240462197681205
2017-05-09,V,0.2484522742540296,0.03206367990814474
2016-10-04,BABA,-0.04176838427160705,0.10589145720070099
2016-08-03,BHP,0.6713365437718657,0.11560494328299926
2016-12-02,AEP,0.7654048343850218,0.1637276555855608
2017-08-01,BA,0.005010036019200614,0.21118988349644735
2016-12-21,LMT,-0.15344646678671622,-0.0025323503591940175
2017-05-05,DIS,-0.415026739204419,0.015291646707177309
2016-08-02,NVS,-0.07729557312997967,0.009617500098145007
2016-08-29,REX,0.7864074718636205,0.2008682349655857
2017-02-03,DIS,-0.18947082385236752,0.04542383760488303
2016-09-12,ORCL,-0.7258974183139635,0.0413526401308167
2016-11-01,ABB,0.36698156380767377,0.1127937460025125
2017-04-17,PTR,-0.6126891071149154,0.041774840127927496
2017-06-05,GMRE,-0.5015921633961733,0.05550433955053459
2016-12-19,FB,-0.20737736903203863,0.08545350108003509
2017-03-09,HSBC,0.4098708835751722,0.05156997645248432
2016-08-29,GD,0.235487793264947,0.03729260140356727
2017-05-04,BP,0.854415719282336,0.05896241289757036
2016-11-03,SO,-1.0093687005094907,0.06219289586585916
2016-12-09,UNH,0.47153936990822104,0.08612245815948726
2016-10-28,PEP,-0.23676002127982612,0.08748533973471527
2017-07-11,MSFT,0.9241643335639905,0.09584506032845282
2017-01-17,DIS,-0.01297037735122759,0.05588747965393712
2016-12-01,FB,0.651312794734625,0.13462684007158304
2016-12-27,JNJ,-0.04491253488865115,0.037347593234308085
2017-04-07,T,-0.14340609815824448,0.015363794123037205
2017-08-07,PG,0.045879094980847634,0.020707234450080755
2017-04-19,UN,0.3845886766393785,0.03526951779814544
2017-04-06,REX,-0.24074717904849524,0.1909715607514058
2017-08-15,PFE,-0.13828342456104908,0.03847621020142246
2016-09-15,CHL,0.33473710216337876,0.06038860178522913
2017-08-18,BCH,0.36964712499470526,0.06469085743394769
2017-03-17,PG,-0.09473070109726799,-0.014933978971735512
2017-07-11,DHR,0.564755755057229,0.04076278173681899
2017-04-27,PPL,0.1881863829122738,0.030045680626456128
2017-05-02,HD,0.34930445231330554,0.05295514283458061
2017-01-23,NEE,0.6085945816328305,0.018098918141621456
2017-06-26,CHL,-0.1730631366041211,0.02665977539777832
2017-07-21,BABA,0.7329951468582515,0.07099171640391964
2017-05-30,CVX,0.021129750450784378,0.048406793750517776
2017-05-01,MCD,0.4331088712666594,0.07408304235871031
2017-06-26,PM,-0.4416236205425668,0.06044249320722969
2017-04-03,C,-0.1345001259176278,0.11136168699351649
2017-01-06,BCH,0.17752810731467922,0.06736876350347393
2017-03-20,MCD,0.1099638936817982,-0.0102037038904855
2017-07-07,V,0.6309134571889938,0.10538607745647989
2016-10-03,VZ,-0.4355542404661687,0.07585713812854912
2016-09-27,REX,0.7083554643239587,0.12477420126334161
2016-08-03,PCG,-0.29338753175217647,0.04887739665319746
2016-11-07,VZ,-0.5468073504818015,0.0358190571568075
2017-05-11,SRE,-0.10984535855139647,0.0380566217970021
2017-04-11,AMGN,-0.2281388452102718,0.0633815257088827
2017-02-27,MSFT,0.01245065339060213,0.01036743705375541
2016-09-20,RDS-B,0.031975251286957905,0.07564304718281527
2017-03-15,CAT,-0.2002286628240899,0.08280810186875849
2016-11-01,BA,0.12348506154044774,0.13974079721320376
2017-02-27,PG,-0.11475094585065379,0.02898711786612851
2017-07-14,MSFT,0.27564019558191716,0.08599549045718975
2017-08-08,SLB,-0.63605707212533,0.018286627649990436
2017-02-03,BHP,0.35229902771316424,0.15769928497455732
2017-05-10,IEP,-0.47413820478187674,0.08088451592180461
2016-11-03,BP,0.4148933812220886,0.08933045258457113
2016-10-27,CHL,-0.30653262655582164,0.03764881476649577
2016-08-22,CHTR,-0.026932514002343956,0.12000420759094048
2017-08-17,BCH,0.5174973806771096,0.07094152337772898
2016-10-13,JNJ,-0.5816904926013786,0.06170232353069542
2017-03-14,SNP,0.5689076815457115,0.07743546553075657
2017-08-08,VZ,-0.049442959862498116,0.13991890414015784
2017-07-06,NEE,0.14420692078044345,0.08821988102961904
2017-07-17,V,0.7181299531153714,0.07946912786601083
2017-03-23,TM,-0.08160758477788561,0.06523214018914288
2016-11-17,SPLP,0.172167212213387,-0.02510962496195772
2017-01-10,BRK-A,-0.11409025153484202,0.03853298333079351
2017-04-11,PEP,0.3354852880717674,0.03166915401113332
2016-08-30,BA,0.2778546799928628,0.019482957004085907
2017-01-23,UL,-0.6778679738215334,0.021161114762094688
2017-03-31,BHP,0.35476492528812764,0.11595401626479633
2017-07-06,AEP,-0.2155891986829907,0.09954778826794934
2017-03-09,FB,0.2515937195768777,0.018571235953084284
2017-01-24,SPLP,0.8760524531678573,0.06867905333152316
2016-12-30,SPLP,0.634973966291606,0.0725382625537042
2016-10-24,JNJ,0.41464934960653305,0.06300225054225528
2017-04-27,MA,0.13956412092981685,0.07245692849431316
2017-08-04,VZ,-0.3506324687123801,0.13334700134608107
2017-02-14,UN,2.4887235904033704,0.04682538245636425
2017-05-10,BRK-A,-0.22415156093304725,0.03789320095468485
2017-03-14,DHR,-0.13399574805789674,0.03943538717110695
2017-02-01,GD,0.23176248596854637,0.08725744915980747
2017-06-02,SRE,-0.4301241156021433,-0.00505074902506468
2016-12-07,WMT,0.20853983343125443,0.03169728276373493
2016-09-08,BBL,-0.25213578366231665,0.09410032607949577
2017-01-25,XOM,-0.5705131908928412,0.002492416072791555
2016-09-20,ABB,0.32273407626171186,0.11191646975967152
2016-09-09,GE,-0.13219307765073157,0.07108038485732111
2016-09-21,AEP,-0.25237817258682305,0.078174243597384
2016-12-01,SO,0.348946681877812,0.12359863687604407
2017-02-15,MDT,0.7675776907341939,0.01761241720900948
2017-08-23,WMT,-0.35836870487434214,0.012644791709151337
2016-09-28,WMT,-0.03345740649580283,0.040101815870563134
2017-05-23,MSFT,0.33497592955556066,0.06838650588959787
2017-08-08,UPS,0.5534204886924547,0.06330738077423272
2016-08-18,DUK,-0.25530449974353336,0.05396834093022071
2017-08-25,MCD,0.2425887644262356,0.019638367330353693
2016-09-16,DIS,0.15282765487487657,0.014211615826040108
2017-01-04,XOM,-0.6972978374507051,0.039234552570594425
2017-08-02,MA,-0.13675004195565926,0.05557552055613903
2016-12-16,DUK,0.2671701591705574,0.044372772508133096
2017-02-17,BRK-A,0.23254750001949986,0.047561222406653295
2017-06-27,BA,0.2914942175770663,0.09392989575763054
2017-02-07,BP,0.11600915237549154,0.05434613537357215
2016-10-14,MDT,0.28808664583586435,0.05413749182451906
2017-06-30,PCLN,0.5411229569866461,0.09477991081839733
2016-11-23,BRK-A,0.23074711122928876,0.021019660264344348
2016-08-05,HON,-0.04645781395463919,-0.004570686476022864
2017-01-30,HON,0.0385832716783081,0.020369950524901245
2016-11-10,PCG,0.0580340318229251,0.17751961992829435
2017-01-05,WFC,-0.24799768972054906,0.07324561873410869
2016-08-16,MDT,0.12109736963851163,0.014486970430657525
2017-04-28,ORCL,0.2739189794849242,0.014676193273013768
2017-06-13,PPL,0.18386237762996688,0.009036692201534607
2016-09-07,WFC,-1.3506023760682588,0.06930543562193854
2017-08-22,CHL,0.05582967617895555,0.07104633420217817
2017-01-10,XOM,0.08129628474040289,0.04704145922719642
2017-05-26,PICO,1.2869948395839268,0.08356958968868032
2017-07-18,ABBV,0.08013661844015858,0.038852838846912804
2017-06-22,AEP,-0.6196136849899385,0.05452682253083571
2017-02-13,TM,0.029769475355797558,0.026101401526149162
2016-08-04,JNJ,-0.01453959127595783,0.0047569753593886335
2017-08-25,HON,0.11805433651535413,0.07727545836409029
2016-09-28,BBL,0.8632539481749857,0.1745667078213589
2016-08-05,TSM,0.3101909974191139,0.08342846343910996
2016-12-01,GMRE,3.409242902255491,0.02193042213206714
2017-06-22,ABBV,-0.19222775572572529,0.030055976849816576
2017-01-20,VZ,-1.2200818525402333,0.044732588644853466
2016-11-14,FB,1.1301287763948846,0.1426731241836225
2016-09-14,INTC,1.0019892050661814,0.1296544131275545
2016-08-10,DUK,-0.5076403073157445,0.05950431747818309
2016-11-22,HSBC,-0.09587581200310005,0.04474783436102098
2017-06-23,T,-0.1162809615680744,0.042157787245893905
2017-03-24,DIS,0.22170339182869436,0.028108423243608086
2017-03-02,D,-0.610094541297855,0.0214235533617725
2017-03-16,AMZN,-0.14205088037913563,0.013131830569128061
2016-09-22,CODI,0.12727688391933994,0.019127861880245484
2017-03-01,BABA,-0.1582561556702538,0.03320283910675019
2017-06-28,AEP,-0.32479117818994985,0.08101064932268819
2016-10-18,GD,0.09327657003863674,0.05532409288851213
2017-02-22,PEP,0.1953144343433491,0.003391992344124281
2017-02-27,SLB,-0.08406442535574969,0.023399072952556346
2017-05-16,MCD,0.07183949750134806,0.0859281175911575
2016-08-18,BBL,-0.355626709343159,0.11224916336541994
2016-11-23,MCD,-0.12503434586712386,0.04668981087274285
2017-08-18,PPL,0.3413671037539583,0.044680704696849496
2017-01-31,BBL,-1.2285546049770846,0.1517600450238868
2016-09-29,BAC,1.3516932356889177,0.08177630596000711
2017-03-28,D,-0.11305342789684807,0.04130038020329364
2017-03-28,GE,0.26828041717401635,0.06032998783255793
2017-07-20,GE,-0.6860428443135336,0.04081493540209759
2017-07-21,PCLN,0.29033011815328574,0.06848884725235048
2017-08-23,REX,-0.7787971455567269,0.06699542567554671
2016-08-10,HSBC,0.3802114427637339,0.12996860766398938
2017-02-14,PCG,0.4497390161344296,0.06118273156954633
2017-05-26,NGG,-0.17596896354220876,0.08099785635705893
2017-04-20,NGG,0.45085511204077716,0.05489589052192359
2016-11-14,PM,0.5176898445996926,0.19048772867239555
2017-06-16,LMT,-0.03346470309812397,0.028194388540192405
2016-12-12,HD,0.12739914485835308,0.057879154670096106
2017-05-10,PTR,-0.1820349137885846,0.008038862840534705
2017-04-03,TM,-0.4736806954842662,0.06733106607516874
2016-08-31,VZ,0.4795845067711424,0.0305263049656362
2017-08-16,BABA,1.9460616018204722,0.10196730880519543
2016-08-31,SLB,0.2230177234748106,0.03141260835002313
2017-06-16,DIS,-0.21918586167136614,0.0040759569407699744
2017-02-08,NVS,0.32706947833776906,0.06275634568726439
2017-07-25,PTR,0.5688772145215457,0.02977345278495444
2016-08-23,DIS,-0.23267021323373868,0.009298323519295326
2016-12-27,CSCO,-0.21071708790927796,0.049357170812487264
2017-05-22,PCLN,0.31504645922442387,0.0676114275305327
2017-03-23,XOM,0.4445685212274312,0.07277834199035955
2017-08-18,HON,0.27523854522807456,0.08838739889187412
2016-12-14,GMRE,-0.3183070746642916,0.2750335984637814
2017-06-02,PFE,0.14086716120077608,0.037426380568691325
2017-01-13,T,0.5014737807412409,0.04694701258284256
2017-08-25,EXC,-0.400856245606492,0.023939051529400346
2017-01-03,V,0.4502415232043326,0.047482237721750975
2016-11-10,SLB,0.05500916491146697,0.020024431816259056
2017-04-20,PFE,0.07100785120574633,0.04205016176425258
2016-10-13,BABA,0.3301038044178766,0.08997055088936155
2017-03-27,GMRE,2.0062379634244545,0.04942250262544383
2016-10-03,D,-0.29141456554383577,0.09934379968750952
2017-07-21,AAPL,-0.10274699727227063,0.0417511384505493
2017-06-08,BUD,-0.22311338393539631,0.016233300600324282
2017-02-07,CAT,0.9991631181177988,0.10452404548744322
2016-11-25,C,-0.2695069104411772,0.06851933042927918
2017-08-11,ORCL,0.15692708884020773,0.03628036673791682
2017-08-24,MMM,0.21651741716569622,0.08169967602220558
2016-09-15,ABBV,0.5388483664344139,0.02214877189929844
2017-01-25,DHR,0.6101238077816521,0.027844681010442504
2016-12-12,IEP,-0.8631589559495868,0.1596780308390487
2016-10-06,EXC,0.4868514260086717,0.10638021000278271
2017-01-04,HD,0.029498820939277415,0.047435740633701484
2017-06-16,EXC,-0.3153094954505131,0.017086322214477978
2017-07-25,BA,2.3909825941779195,0.04963956496380767
2017-01-24,PCG,0.32579307504971433,0.038868720436458906
2017-04-21,PCLN,1.0540301185480743,0.04476600623981836
2017-05-16,PPL,0.4166290971292123,0.0339750763900514
2017-06-19,JPM,-0.1893810270408761,0.06393302410200861
2017-01-18,PFE,-0.4674873314209801,0.03524543522864386
2017-02-15,V,0.14568553584932586,0.06922208157804681
2016-09-14,UL,0.017272642138042645,0.05649623315913732
2017-04-04,PG,-0.02448562600553954,0.0015004660248144341
2016-10-04,V,-0.16750485068256568,0.1243207035843971
2016-11-29,D,-0.729218298802539,0.13756927757770188
2016-08-11,IEP,-0.42724575969368866,0.14427410400084967
2016-08-29,PCG,0.20103835314136478,0.0865131507960787
2017-06-01,BABA,2.7635784970574684,0.061620362263191744
2017-07-07,BAC,-0.5057359346928083,0.0949809467711036
2017-04-26,FB,0.7025799488968668,0.04508378498473725
2016-09-21,NVS,-0.07373493424059484,0.07974441089512287
2016-11-29,TOT,0.6377728756885379,0.0838513060055384
2017-03-13,GE,-0.08053758346537941,0.0468868209551558
2017-03-23,IEP,-0.1488146759272505,0.03336177221182657
2016-08-30,NVS,0.25548254779788426,0.01674735466918903
2016-12-16,T,0.5023970345947069,0.07126716966159317
2016-08-11,LMT,-0.5498845357502914,0.011911704418034422
2016-12-02,HON,0.6612476532418978,0.02710148803586429
2016-09-02,NEE,0.025973187190848936,0.05212792240649053
2017-04-11,T,-0.029792596018795036,0.01233064356920098
2017-02-10,MDT,0.7044519541499424,0.02325306164244656
2017-08-01,HON,0.24086115714824677,0.02843211775562618
2017-06-29,RDS-B,-0.15810426361281488,0.06337825166139861
2017-08-18,HRG,0.32144697094384245,0.01537277931248475
2016-10-25,BBL,-0.5508550578724949,0.09971691066077921
2016-10-12,EXC,0.22633932333133658,0.07539371181694647
2016-11-02,GOOG,0.42755499548282155,0.15797709429259482
2016-10-25,AMZN,-1.2288284409699721,0.09036414274515218
2016-10-13,DIS,0.19874534649990144,0.021830597695561033
2016-11-15,MMM,-0.14143638928693297,0.10698451952538278
2016-10-25,IEP,-0.41238724389447634,0.014780528949647667
2016-09-14,CVX,0.24438653534324434,0.0994497753517979
2016-08-25,GOOG,-0.016381436217865385,0.07174340958982174
2017-02-09,MDT,0.5934063538806305,0.0323238455040384
2017-06-06,SO,0.10603876524064029,-0.01858003038948315
2017-06-15,NEE,-0.03951072644942365,0.009836497964200483
2017-01-26,TSM,-0.2132843215671762,0.06419200135297257
2017-06-14,BABA,0.9460250706722444,0.22437186334007597
2017-06-05,GE,0.6746962134647168,0.04134242841268623
2016-11-28,BBL,0.4415199105039438,0.16438143479487127
2016-11-08,WFC,2.8786988734448498,0.05419946789046688
2017-05-18,CAT,0.9356594266884445,0.15666086031721194
2016-09-30,SRE,-0.8636071180775321,0.11849228219895076
2016-12-12,CODI,-0.5063552200761261,0.049024075565262754
2017-04-06,DUK,-6.605826996519682e-16,0.024449914850293034
2017-04-18,PEP,-0.021012225511618826,0.04516438112897388
2017-07-17,HD,-1.2481009157404386,0.028348401609610455
2017-08-15,PTR,0.14118396508062803,0.07530528664833146
2017-04-18,PM,-0.3714529843625728,0.05053350742692456
2017-01-30,ABBV,0.07268056261875594,0.030224840232025388
2016-12-16,UPS,0.02761366840359092,0.04641691064693351
2017-05-02,BBL,-0.4107471363190413,0.09596434191079244
2017-05-31,CMCSA,0.09571732956038884,0.0897701364183061
2017-07-18,REX,0.39230913624661695,0.0673134865419947
2016-11-04,MO,-0.8309425319370316,0.12437964589402169
2017-02-22,BHP,-0.5036531257780712,0.08787983997739045
2017-04-04,GOOG,-0.2707055204221377,0.046911349434418756
2017-03-03,PM,0.05979733850451735,0.03692815068654709
2016-11-02,PCLN,1.65807156724964,0.07402306897291465
2017-08-02,JNJ,0.16127243271338623,0.03448710180306744
2017-06-28,NGG,-0.6911582020696097,0.04252402340212551
2017-01-20,GMRE,0.3365202439541902,0.09274790381979438
2016-11-07,KO,-0.6170528936027122,0.06496156460422614
2017-04-27,INTC,-0.16410327588803458,0.060143962489528746
2016-10-25,UPS,-0.18632638379738714,0.029932120204469226
2017-04-19,JNJ,0.3495679671768944,0.029991174494081646
2016-09-15,AMZN,0.8896342616997668,0.09995826338105009
2017-05-25,T,0.3320432412273078,0.01665197441321853
2017-04-25,SRE,-0.26046854499692174,0.03458116684466589
2017-02-21,AAPL,0.04238546867673813,0.09569567093178018
2016-08-09,GOOG,-0.18240154315037507,0.07731535581887398
2016-09-20,IEP,-0.1820207826259729,0.0861808172747467
2017-03-23,DIS,0.16680092783253073,0.030469714821323504
2017-01-06,TOT,0.17130630527826723,0.09687878081202912
2016-09-27,HON,-0.1239359340852074,0.09100277026188337
2017-01-24,TOT,-0.2632918617026338,0.06456786281221966
2017-08-16,MA,0.105487284135458,0.09762508157418885
2017-08-22,DUK,0.21832954158612156,0.0224712648859417
2017-07-28,XOM,0.15268303060857935,0.010956383248110269
2017-04-04,AEP,0.029700571223513727,0.025295738261633588
2017-04-20,AMZN,0.3586043857772442,0.11473444957436534
2017-06-20,ABB,0.21441619330524406,0.09389761568942796
2016-09-29,SPLP,-0.12504327454285177,-0.029223177933090365
2017-01-31,KO,0.15814207206169678,0.01168379486986082
2017-06-06,DHR,-0.3672851712146669,0.04867231234505656
2017-02-21,GD,0.023196102904242046,0.0597691948809
2016-10-21,VZ,0.004147235738991739,0.059476567363194816
2017-03-02,SNY,0.02755594823029588,0.04390106577548798
2016-08-04,C,0.8441564571448053,0.04964987682197687
2017-02-28,UL,0.09664857935895906,0.24652511781707354
2017-05-03,AAPL,0.825902938252797,0.020994643569781826
2016-09-27,PTR,0.7788806964406659,0.09270033583057304
2017-04-04,SLB,0.364890486371777,0.037831294135998714
2016-12-21,MSFT,-0.20246809995325382,0.08892036994006002
2016-11-14,ABB,-0.4589111091839837,0.08328490895929998
2016-10-24,INTC,-0.22244736039257046,0.11723417751482858
2016-08-11,MMM,-0.07789159120354544,0.03125017370610042
2017-01-17,REX,-0.3247343770571187,-0.025453457228227082
2017-03-06,SRE,-0.03277301986922241,0.038678929870770914
2017-08-14,UL,0.11493353554018718,0.025907559566839836
2017-01-13,MSFT,0.08276229657995218,0.0389843195878682
2017-08-07,BAC,-0.43744157354743524,0.06475135542605139
2016-08-02,UL,-0.13206025802525972,-0.004690546927865663
2017-05-24,BRK-A,0.20270375876372942,0.05219460542693802
2017-04-28,UL,0.29204602688513553,0.03068605375595769
2016-12-14,BAC,-0.03532133290360577,0.14532853592927125
2017-06-02,BUD,-0.8131971676261397,-0.00782784580016227
2017-04-25,PEP,-0.3303233609279756,0.033759826149892896
2017-02-09,ABB,0.20970136174022488,0.10595388296468004
2016-11-07,PCG,-0.9864469627260943,0.06700029396535814
2016-12-21,FB,-0.45713413853066076,0.056012031845946705
2017-05-01,PG,-0.12439419486245032,0.029069093193575396
2016-11-08,BABA,-1.8561906662985763,0.016871998840287894
2016-10-04,AEP,-0.2720244368086354,0.13576707980400093
2016-09-09,CELG,0.7643763885381963,0.06462167316647616
2017-07-07,AEP,-0.28547157014525926,0.08712269765569193
2016-12-29,HD,-0.23378213980812285,0.05740370652372406
2017-05-16,WMT,0.8803479661127485,0.024869772851162056
2016-10-31,TSM,0.1601293857413264,0.12753988499657082
2017-07-17,MRK,-0.01278191437672151,0.03639378335614077
2017-06-28,JPM,0.8870991897668926,0.06482290310078725
2016-09-02,WFC,-0.8114928992966254,0.06487105910333257
2017-08-07,TOT,-0.6045606460052104,0.0356000674200396
2017-06-08,CELG,0.5975120221703701,0.029454598596298093
2017-03-31,DHR,0.12587509905294245,0.03938836239359708
2017-08-07,GMRE,0.4371758762499794,0.037466971557346046
2016-09-13,PM,0.05652653128669993,0.17677174944373664
2017-07-19,UTX,-0.583670208358484,0.026159984804381017
2017-05-05,DUK,0.12015005546058918,0.010903903822386485
2017-08-21,BRK-A,-0.03764619291655574,0.09583386291583788
2017-04-28,CMCSA,-0.09207160913989876,0.06908976559370088
2017-03-17,VZ,-0.2838050007791732,0.03089386838794729
2017-03-06,VZ,-0.22512668316574042,0.02460370969519747
2017-02-08,HON,0.7459573670224964,0.05024628933628876
2017-06-19,PTR,-0.43244958795191274,9.208521513755924e-05
2016-12-07,JNJ,0.6882907432949276,0.0314893202145321
2017-05-08,XOM,0.1662533457062279,0.047647013394033516
2017-02-28,BSAC,1.0199508166679996,0.04652080166811898
2017-07-10,SO,-0.10178156050777395,0.05081346318564135
2016-12-13,PPL,0.16882632690975918,0.004262811842289681
2016-08-23,DHR,0.041913590987305537,0.016090303615282228
2017-06-08,D,0.12762076242675274,0.007494951485655571
2016-10-12,GMRE,0.4083943259122435,0.06128289875906452
2017-03-22,SPLP,0.4743315740129622,0.05260469850675996
2017-06-13,PFE,0.5927255570504236,0.040322755611372246
2017-02-03,SPLP,0.056737626703992336,0.10120609919150352
2016-07-29,GD,0.27047333962077624,0.03182946908319141
2017-01-09,REX,-1.0882892925573349,0.00871859266684119
2017-03-01,JNJ,0.03871660403437606,0.01402992102700297
2016-08-31,DHR,-0.6010045606039396,0.04770664910039388
2017-07-31,BA,-0.18479931350594972,0.20710039744292463
2016-11-15,PEP,0.20318720681325325,0.1430879699263739
2016-10-14,BCH,0.566827788954925,0.03651413268472782
2017-08-01,NGG,-0.02218173333034782,0.014482473186130912
2017-04-17,UPS,0.3965370516094436,0.06467907277822244
2017-04-19,SNY,0.9303996346383199,0.038149947712915896
2017-04-10,HRG,0.20523628549732092,0.06943365527835932
2017-05-18,DHR,0.6567439779020378,0.02843950423121233
2017-03-23,BAC,0.6817872171704036,0.12871215489379711
2017-08-08,LMT,0.40245620224874495,0.01209071689519449
2016-09-16,NVS,0.5323058797776838,0.08847599476668318
2017-05-01,REX,0.8510171073586423,0.12062916625104804
2017-05-18,SNP,0.09656444869841821,0.061679518453322646
2016-11-10,BA,-0.32217007515140816,0.096486637741258
2016-12-12,T,0.48056191443115637,0.07649051367266733
2017-08-17,MMM,-0.2023798848850035,0.10453281178721165
2017-08-24,XOM,2.55351295663786e-16,0.01929274666062758
2017-08-08,PICO,-0.1809967103983535,0.033188303648325326
2017-04-19,CSCO,0.4542204140894245,0.05050990305468668
2017-08-15,GE,-0.43427440893071967,0.021081960381042347
2016-11-25,PEP,-0.162305951041046,0.10697059011313774
2016-08-31,DIS,-0.07849343289728965,-0.0014371888411848013
2017-03-30,AMGN,-0.26085248846213294,0.06060073468093638
2016-08-12,C,0.4125637618850699,0.0737027807472098
2016-10-24,BHP,0.028575058925134334,0.08809420086733606
2017-06-19,HRG,-0.9980378604424478,0.09822769078482714
2017-06-01,HON,0.014981562448784546,0.03834180774295434
2017-02-09,CELG,0.3262614379339834,0.0401501122433964
2016-08-30,SPLP,-0.19323906659219717,-0.015019737292789805
2017-01-31,DUK,-0.20218842650881624,0.008084632855667045
2016-12-02,ABBV,0.697764219773144,0.0968321062218102
2017-05-16,MMM,0.10089568251575454,0.0398315706757975
2017-06-07,MRK,-0.07007057742731145,0.049786515103014295
2016-11-02,UN,-0.3107505560866325,0.016327540980053665
2016-11-28,LMT,0.21241754681632247,0.05177544149471168
2017-02-27,PM,0.1886211215818529,0.0621798334378111
2017-06-07,GD,0.24091219466468372,0.048226567108432
2016-11-11,PCG,-0.03422874751504988,0.16883641620889522
2016-12-30,SLB,0.4289570213616078,0.00660790227025998
2017-01-06,HRG,0.321653764654917,0.029512036044338483
2017-08-07,SO,-0.14748042099175512,0.023270923496173546
2017-03-20,HON,-0.31873145344099496,0.05985748988117959
2017-07-24,AGFS,-2.1609841116350905,0.21276512878233694
2017-02-24,CVX,0.6134508547045198,0.06486424613928209
2017-06-06,DIS,0.19994437624180597,0.009475590102876769
2016-11-09,BUD,-1.549341619483553,0.06670404507361236
2017-03-14,VZ,0.32154944478990755,0.026266469267889045
2016-11-15,LMT,-0.09573916276239627,0.11751066424981453
2017-02-10,PCG,0.17914888416695557,0.05308002492670126
2017-04-26,CSCO,0.5026138071460233,0.03564486982505226
2016-09-06,SNP,-1.105922054317055,0.06520496093323033
2017-03-08,BHP,0.8173180489764211,0.09980371824952032
2017-01-03,PG,-0.16936391295357336,-0.0016092970667717296
2016-08-29,HD,-0.06699934791681621,-0.0037261943623640922
2016-12-20,SO,-0.12232499244157935,0.03505847102071043
2016-10-21,JPM,0.18023348324922947,0.07289861249523762
2017-01-06,V,-0.2546254285534235,0.04738329741997327
2017-01-11,PCLN,0.03785252478980596,0.03624714934129954
2016-12-29,MA,0.7959932258110951,0.0835035105242485
2016-10-06,AGFS,-0.917943133846037,0.05695689729890234
2016-08-10,BRK-A,0.35054626918088205,0.02400996082013973
2016-11-16,VZ,0.9374170233341609,0.08097598154337508
2016-10-19,CODI,1.2535311626925167,0.05139409047346574
2016-10-21,GD,0.17501963685039007,0.06160604770028881
2017-02-27,UPS,-0.11840551609596321,0.05907158376265416
2016-10-25,SO,-0.19320053735140882,0.07535858691285684
2017-06-14,LMT,0.19102358998444585,0.03531591316954287
2016-09-22,ORCL,-0.19840009143875564,0.05134306341997119
2017-06-01,SLB,-0.42582563400801166,0.03694961399092611
2017-06-05,BHP,0.0057032072887369225,0.08254755888270131
2017-04-21,MO,0.08656292349537609,0.020874866708555026
2016-10-24,HON,0.07673273061347854,0.08791472534104118
2017-05-18,WMT,0.19762625470648165,0.027671386702364284
2017-07-11,PICO,-0.11799444254376854,0.05926432941553775
2017-07-24,AMZN,-1.0101157867227584,0.0776018365846297
2016-08-24,VZ,-0.0762902279219371,0.01660166849059737
2017-07-11,XOM,1.765254609153999e-15,0.04481205674044533
2017-03-10,MRK,-0.38131639100687365,0.0012358118415771169
2016-12-07,BSAC,0.23888966953958013,0.024058930210553026
2017-06-09,D,0.35753117120339173,0.010355687732421695
2017-02-14,CHTR,0.19408718791283222,0.1084960065044006
2017-05-31,UNH,0.8963807262760761,0.05592280613406905
2017-01-10,GMRE,-0.5315921716663397,0.21014566712171712
2017-01-03,PEP,-0.5188575388634182,0.0028115448177904803
2016-09-26,CELG,-0.387513509151305,0.0899427592654886
2016-11-02,WMT,0.4696055663535601,0.017242835680937568
2017-01-11,BUD,-0.055235144306446715,0.055791949704616955
2017-01-27,BBL,-0.8468935978915262,0.13850198496897986
2016-09-06,KO,-0.5390932917947253,0.04037424886909474
2017-07-24,UNH,0.09615895264840534,0.029911284773597807
2016-08-31,SNY,0.8249643116463534,-0.009576091611805858
2017-05-08,PPL,0.07224208852465279,0.033902180000635926
2016-08-08,WFC,-0.2634333565547303,0.022387216594329837
2016-09-08,NGG,-0.5509228007891599,0.06560763014820191
2016-09-22,WFC,-0.5994463396365148,0.06449408261119319
2017-03-30,GOOG,-0.08726152494884246,0.04062819375803364
2016-11-25,SNP,0.3499129718645859,0.08199493403549347
2016-11-28,BCH,0.3985300800301793,0.10196925311747719
2017-02-02,MCD,0.20347394324579154,0.003188481770544406
2016-09-19,PPL,0.3668786054432023,0.12127366739932637
2016-11-07,MA,-0.9311192236637295,0.15550698046987643
2017-02-10,BP,-0.30341477652244775,0.022214961065228772
2017-03-03,BAC,-0.10246326952738974,0.14244255238347542
2017-07-26,LMT,0.33188656762547475,0.028530758173518467
2017-04-04,LMT,0.0526081587340234,0.046276675674589776
2016-12-12,BP,0.02737019184907415,0.04723389377342996
2016-08-11,HON,0.014802331794601054,0.019539762898188512
2017-08-07,PTR,-0.48149567637179913,0.04172416860390857
2017-07-27,XOM,-0.0843053496320499,0.007058787920800648
2016-08-09,BSAC,0.814947058187672,0.08482388701417591
2016-11-03,HD,1.4210856518100956,0.07084396610994219
2016-10-18,BP,0.03332520209856338,0.07012001079606416
2017-05-09,BCH,0.8811519167828752,0.04591894408672534
2017-08-21,GD,-0.08673750554298325,0.08358655818686693
2016-12-15,CHTR,-0.009620049083310944,0.11871709112619676
2016-07-29,T,-0.06015182791305962,0.04213974590944028
2017-04-26,PCLN,0.7897991192214583,0.04086143410188284
2017-08-16,CHTR,-0.5284028790504348,0.16748214823810365
2017-04-13,HD,0.5529050859036246,0.0580749779793954
2016-09-29,GMRE,-0.9450583328710571,0.04853945344115734
2016-08-01,PTR,0.3968707186536302,0.08442897648110982
2017-06-29,MCD,0.4059601763276001,0.027640373690257
2016-09-28,MMM,-0.5943645708640102,0.06589545404856083
2016-10-14,EXC,-0.12269973616859227,0.08591682036080474
2016-09-22,GD,0.09662873217142262,0.05188534321532477
2016-11-14,KO,0.0920896802068721,0.15316549269861668
2017-01-04,PTR,1.3770041336189047,0.12842901314815663
2016-08-09,AEP,-0.5140454955464959,0.04558294038876408
2016-11-23,ORCL,-0.710731670015446,0.09142771983906763
2017-05-05,LMT,-0.13007855875583724,0.027246008784610948
2017-02-21,SNY,0.17231464663671064,0.06037219586015069
2017-06-19,LMT,-0.18505123857927852,0.010312517722694856
2017-03-31,MMM,-0.1405639153977561,0.06297662880547915
2017-07-11,AAPL,0.6157258857687687,0.053962642197512914
2016-08-23,SRE,-0.534831021976372,0.07580344593948755
2016-09-30,TOT,0.07533145020553637,0.12391832959404737
2017-04-03,BABA,0.657050055911758,0.0634551133099892
2017-05-16,NGG,-1.0294294298936784,0.060553811178681985
2017-08-01,CELG,0.013312775643843366,0.06240675316536126
2017-05-05,JNJ,0.021039647102441095,0.019665390882267333
2016-10-04,CELG,-0.5875075229160751,0.08909296357968978
2017-07-26,HSBC,0.5353193926489248,0.09093845809320898
2017-04-24,XOM,0.23288798436202093,0.051618139309377795
2017-07-05,UNH,-0.16642737435640678,0.02689797630765578
2017-07-18,KO,0.2535920973067058,0.06432101489793808
2017-06-09,BCH,0.3730304748125352,0.06768156091677259
2016-12-01,TM,0.8380976991379459,0.08963328706070693
2017-05-23,GE,-0.6468417111479684,0.038525034223121105
2017-03-08,PEP,0.32848523011332775,-0.0024990074232188186
2017-08-11,D,0.3331696748569039,0.010824283636808138
2016-08-11,KO,0.15936146452539643,0.035370795349508474
2017-01-24,INTC,-0.42989296991979575,0.03896805803246127
2017-08-16,BCH,0.28492132836237544,0.05855960829396309
2016-09-29,CMCSA,-0.17212578659254954,0.08190696912384894
2017-04-12,C,-0.03421004434978943,0.11154486391513567
2017-07-05,V,0.4564039879850201,0.10143964656649827
2017-01-25,BABA,-0.4843884138213298,0.09165442357374677
2016-08-09,BABA,2.5145784806369633,0.039352595470387275
2016-08-10,SNY,-0.040211620110997034,0.004512081567089599
2016-11-14,XOM,0.2817781875580503,0.03082235477257618
2017-08-18,GD,0.03217930211069764,0.08738153762537713
2016-08-31,CHL,0.3979256127245322,0.04202405710751714
2017-05-31,KO,0.01758428729086652,0.012502243632106919
2017-05-01,PEP,0.16674314400202794,0.0403728563763181
2017-05-10,UN,0.3657629073826004,0.03237581426945828
2017-02-14,CHL,-0.10591443864918337,0.03224332575752285
2017-08-08,PM,0.37151736006607733,0.01228738176950643
2017-07-27,DHR,0.02954814568093772,0.054368434721215136
2016-12-19,MMM,0.08513339682024386,0.026644832192734155
2017-02-14,SPLP,-0.34188979712947465,0.07766392154084832
2017-02-14,NGG,0.26270334190238637,0.050113765541389715
2017-06-15,CODI,-3.5416114485542492e-15,0.02599580274352624
2016-11-01,UNH,0.4916486149893994,0.12513525585731583
2016-11-23,ABBV,-0.3418895754585336,0.0937384819946417
2017-05-22,WFC,-0.32329232782686196,0.0698931291308993
2017-02-09,TOT,0.1499033242340706,0.08316841644492028
2017-02-06,BCH,-0.16648313052921954,0.04263871140377885
2017-05-01,XOM,0.2012737911747251,0.042910998280934684
2017-04-20,AGFS,1.1674401244381447,0.7002873140752134
2017-07-03,SRE,-0.08765807370669139,0.09573836461155323
2017-01-05,D,-0.2639238949339227,0.015339871483930748
2017-04-17,MCD,0.43378318316126696,0.00012851405553698791
2016-12-01,CVX,0.32916826646080316,0.0014768993912036218
2016-09-20,WMT,0.09979296441349025,0.03262063403399858
2016-10-14,SNP,0.33168900639954757,0.13360173065434328
2017-04-05,HRG,0.37095344711522227,0.05872832749021589
2016-10-10,ABB,-0.3990394246519123,0.056231915014575654
2017-08-25,TM,0.033648213401175145,0.08171939914574068
2016-10-21,DHR,-0.5001510049568004,0.14274129069082547
2016-08-18,BA,-0.3015220641888922,0.03114248877862487
2017-07-26,NVS,0.09875378924736981,0.03472317645601471
2017-03-01,CELG,-0.10699482522893189,0.03347642980611809
2017-06-16,CODI,-0.11730347055632304,0.01936316791216959
2017-06-12,PICO,-0.4028890194575103,0.09969088954783668
2017-05-03,HON,0.10197380193542241,0.08031645943723122
2016-07-29,BHP,0.8764371095527406,0.1342299098638413
2017-03-10,PG,-0.01537796491856389,0.01987601205445741
2017-01-24,MSFT,0.352665850691383,-0.001824456335002396
2016-08-04,V,0.1604026375416343,0.040007308221405566
2016-12-14,UTX,0.22206377061365132,0.05721904513416161
2017-04-26,HSBC,0.21256179873656994,0.05867368197642259
2016-12-12,GE,0.03762912755556671,0.006208825736653531
2016-10-10,GOOG,-0.15275583316751412,0.06423126318841288
2016-08-04,BRK-A,0.6466949178273416,-0.016803215903866263
2017-07-20,AMGN,-0.8161157460021424,0.05675320031256671
2017-04-04,BSAC,-0.16864326235021973,0.12153869745396557
2017-03-24,JNJ,-0.1487833813852723,0.04219810167863951
2016-09-09,BRK-A,-0.1559835504652524,0.11062542894176096
2017-03-13,CVX,-0.3115113781167401,0.053631021133770634
2017-03-09,DUK,0.3884556009374479,0.04599209508087583
2016-10-04,PPL,-0.4363386968596089,0.14843085250448174
2017-01-13,TM,-0.2553578589452911,0.05490030284717064
2017-06-20,HON,-0.29570800536345343,0.05551853154946848
2017-06-15,BAC,-0.5250994981573319,0.103325632723324
2017-07-11,INTC,0.35647523120921143,0.08521308164005743
2017-07-27,UTX,0.40203116633206387,0.03739998322018158
2016-11-25,BUD,-0.47753494917246986,0.07778787775262859
2017-02-17,AGFS,0.7195020491655562,0.19209564839910032
2016-11-23,NEE,-0.08304918524767908,0.13536639787953708
2017-06-30,GMRE,-0.17977649136866075,0.13238073948604767
2016-08-31,BP,0.7079330756945662,0.03678882969043648
2016-08-10,GE,0.012787357760138285,0.0165601439780826
2017-02-15,SLB,-0.3156273933731645,0.015316112437445392
2016-09-23,UTX,-0.1880879698180422,0.06956819776121839
2016-12-06,GOOG,0.9515620255333351,0.1380205341316652
2017-06-28,GOOG,-0.732007952377234,0.07268622729955464
2017-07-24,DHR,-0.3744337488172032,0.05386622622359198
2017-04-17,HON,1.0048726825760488,0.05408382750028774
2016-11-17,PTR,0.6285725705438285,0.11344141957009186
2017-06-15,D,-0.3142556303101677,0.008531058932903748
2017-06-09,BBL,-0.5550412275387289,0.07147213343585178
2017-07-19,CSCO,-0.15103910675865348,0.05150886817169091
2017-08-17,PTR,1.073398415037832,0.08164313433592794
2016-08-30,CHTR,1.6148499523569533,0.13472072810969693
2017-02-23,JPM,0.2204412980454204,0.11315157231577062
2016-09-01,PCG,-0.319643536053077,0.07885497162308182
2016-08-23,PCG,-0.6300250061094199,0.08876810299704825
2017-02-27,GE,0.040039995480613155,0.039678610512833515
2017-04-19,SO,0.0882484518317587,0.011722595474380537
2017-06-14,NVS,0.3149673931464744,0.046164918728657744
2017-03-15,PCLN,-0.18170723188740068,0.09629570598446481
2017-04-07,PG,0.2583258488534569,-0.007972078639424597
2017-01-04,DHR,0.5154996797094961,0.03372535473109012
2017-01-09,GD,-0.011364469869099558,0.04195929248013537
2017-05-18,BUD,0.23113802366106123,0.14434565217805018
2017-03-07,ORCL,0.0890045016938529,0.028622916623130643
2016-11-07,PFE,1.4736091466245536,0.02190722419091863
2016-08-02,RDS-B,0.33518337277066285,0.023560676304118996
2017-05-24,MCD,0.5079156033358664,0.017009874131476102
2017-07-28,MSFT,-0.09882009364101027,0.057295105467865856
2017-06-14,CHL,-0.12660634294890485,0.01748808076967598
2017-04-11,HD,-0.13269318772007838,0.036511582372027826
2016-11-21,DIS,0.4135971468915779,0.05478428394465547
2017-07-13,PCLN,0.5941676499443745,0.08143832022889429
2017-04-24,SLB,-0.49182733624342967,0.0328048950374904
2016-08-26,CODI,0.4052253513127907,0.017472614314820223
2017-05-18,CHTR,1.1011958263176091,0.046893246914085265
2016-09-29,TSM,0.2419524183104286,0.1429760957800264
2016-11-11,AMZN,0.5643487146355759,0.13635217787185633
2016-09-23,AEP,-0.7489254801916726,0.08519529401238864
2016-12-21,BBL,-0.0876916281586079,0.06345451917945943
2016-09-16,TSM,0.8200376550205075,0.15278710161333658
2017-08-09,GD,-0.03884356680565067,0.060076132818167025
2017-07-13,PTR,0.4586912379643562,0.03240915115836933
2017-08-08,PFE,0.06000724573633874,0.02451847436069328
2017-08-07,JPM,-0.32813969491340444,0.031391201578204686
2017-08-23,PM,0.1673218615429083,0.06805991413717627
2017-02-14,BP,-0.3383368493127203,0.020273601576796016
2016-09-16,VZ,0.2604395818709163,0.08777818907306627
2017-01-26,BP,-0.5239509388132879,0.025784754873697108
2016-10-14,PPL,0.24154983692008442,0.07441185853139597
2017-02-13,RDS-B,-0.4761869767796707,0.04623689839963868
2016-09-08,MRK,-0.12772077037536103,0.03290208163337924
2017-05-01,JPM,0.009186682059268366,0.07777691515166184
2017-03-24,BA,0.11795319780156407,0.0660397978953114
2016-08-18,GOOG,-0.20919383541703357,0.054453308661955926
2016-08-18,CAT,-0.12994581545818543,0.0883958097636481
2016-11-16,INTC,0.20559857105054755,0.12228146228113108
2016-11-23,SPLP,0.42554944706970954,-0.024144077876098867
2016-08-10,V,0.3237467224075942,0.04579069726584116
2017-08-01,MA,0.05398391410839728,0.04922627623228723
2017-08-23,EXC,-0.25210417837964594,0.03994886009061778
2016-10-31,AMGN,-0.2782061164090196,0.08380453042022641
2016-10-18,T,-1.399467232685208,0.06721949104747546
2017-03-03,SO,-0.2960043559550334,0.014649494923001397
2017-03-21,AMZN,0.30132368246290875,0.03801488579029895
2017-05-25,ABB,0.574050819953581,0.06108168622682662
2017-03-14,CVX,0.12627743723964802,0.06598030838883596
2017-05-05,BABA,0.7277213736425664,0.059886970895712724
2017-04-18,GMRE,0.7281076593632457,0.2195184948760402
2016-08-19,BABA,-0.3751679430548528,0.159360962125281
2016-08-01,GMRE,-0.3714102270001783,0.04985695855342058
2016-11-17,UN,0.22834381893255787,0.03131052668707171
2016-11-11,AGFS,-0.16260252166500883,0.5198849632029309
2016-10-20,AMZN,0.19746158482359583,0.11098367540070155
2017-01-31,LMT,0.3970973230242,0.024502281014822852
2017-05-05,IEP,-0.5669067712137223,0.06714433250794098
2016-08-02,JNJ,-0.22877411920817528,0.00372043615792067
2016-09-23,BUD,0.19115464489003492,0.09084529721826691
2016-11-15,MSFT,0.7501502240484528,0.1752286761623098
2017-06-26,RDS-B,0.32258885237791896,0.05363728303445138
2017-03-24,PTR,-0.3437858810074416,0.05087619314574823
2017-01-04,ABB,0.8340276700041492,0.0351363454761182
2017-03-28,GOOG,0.3298197736694729,0.032363157320364364
2017-06-30,CODI,0.2844995211878961,0.04513973629119322
2017-08-03,MO,-0.23636343302882706,0.03308383622430812
2016-10-18,UNH,0.05432367309721502,0.08035060634705625
2017-04-18,MA,0.6315853474397208,0.10122654331626722
2016-12-28,HON,0.1737576560282113,0.07564065252108255
2016-11-18,VZ,1.230349178280094,0.09239836055147647
2016-11-10,GOOG,0.22610851468875062,0.14306121221409068
2017-03-17,TOT,-0.09228623568719223,0.09240869366410702
2016-12-09,BA,-0.2559618066543167,0.0351081156408979
2017-06-16,DUK,-0.27267770354699283,-0.004118691281251093
2017-04-10,V,0.1948617909885383,0.04623484170706561
2016-09-15,C,0.012739643772822263,0.10704969241278424
2017-06-26,MMM,-0.26323621368203926,0.07340898844695211
2017-06-19,MA,0.06974667817705252,0.0595931904128421
2017-06-13,AMZN,0.2391873762392965,0.07499073738435764
2016-08-11,ABBV,-0.05384452062997601,0.03228520487553223
2017-02-01,MO,0.21179093248106556,0.03883247514696346
2016-07-29,RDS-B,-0.515723362764059,0.04183492178121108
2017-03-01,SNP,-0.3952842099344358,0.028797358501403886
2016-09-06,BBL,-1.2902844454187428,0.0856872110838005
2017-02-03,SO,0.08990514549389128,0.03693166328977707
2017-07-07,GD,-0.01093422188780624,0.03866998539170906
2016-10-07,DIS,-0.25899350196366056,0.026212473816706758
2016-10-28,CELG,-0.08874327111955224,0.11476012333982032
2017-06-16,UTX,0.295079811302329,0.010958677455551874
2017-06-12,LMT,0.3869985870939846,0.03373835114564741
2017-03-07,PEP,0.003657992648066005,-0.011780876714785553
2017-02-17,LMT,0.4372922332390964,0.012432784743365191
2016-10-25,CHTR,-0.5914009577910464,0.041294973047843936
2017-03-08,JPM,0.1136981541524185,0.08843483503560058
2016-08-23,BAC,1.0655691154647065,0.0766728765849904
2017-08-16,REX,-0.19479256454367702,0.07024704178544101
2017-07-10,MMM,0.11274979646632169,0.08970123961658495
2016-09-20,PICO,0.14311331190824447,0.18296974469964233
2017-01-09,CHTR,0.6561016350542018,0.06601764844561318
2017-05-30,BABA,0.11427206558724974,0.07007370839594743
2016-11-03,AEP,-0.8497757940146677,0.10195228244468742
2017-06-02,HSBC,0.19090910098607825,0.04786997525061942
2017-05-04,UPS,-0.39070633085111917,0.03767813366833633
2016-10-18,ORCL,-0.03125714392881653,0.04384077342605365
2017-07-19,CHTR,0.12424924661706375,0.07880705783984544
2017-04-04,MCD,0.29329922224838817,-0.010969736270109144
2017-03-07,WFC,0.15718453221308226,0.07649576750525088
2016-09-15,CELG,0.5910859772033621,0.06806737761785225
2017-03-10,PEP,0.32582872938456775,-0.010640530100586056
2017-01-11,GE,-0.1659244787364987,0.03444663165221372
2017-03-17,PICO,-1.0002084114932284,0.09655083357392762
2017-03-17,DHR,-0.1528837545942314,0.036708421626793455
2017-08-22,IEP,0.36400530714621293,0.04378940101506956
2017-08-18,ABBV,0.707741345378649,0.025848876077092492
2016-10-10,MA,-0.3538182286066374,0.08707589119620283
2017-03-07,BABA,0.3132320450501445,0.04122967235751526
2016-10-05,UL,-0.7815185344797358,0.06893338291659004
2016-11-18,PCLN,0.23374297956203857,0.16916120230772325
2017-05-19,ABB,-0.0638978179303822,0.06943635906807621
2016-10-20,BRK-A,-0.014292465943256527,0.07240022110947743
2016-11-07,TOT,-0.7828947221657663,0.10158560209675731
2016-10-03,NEE,0.270597218620573,0.09810439623487209
2017-07-07,AGFS,0.6948589688774522,0.1999227441187682
2016-08-04,PCLN,0.6785121959730709,0.04299424210633673
2017-07-26,NEE,0.17109887769719334,0.03305344846777905
2017-02-16,CVX,-0.10144886998180806,0.04714167027195047
2016-10-17,BP,0.20736997196027676,0.08344879906929979
2016-08-03,BCH,0.37301399257058115,0.05463629506027759
2017-06-07,C,0.8974634841590392,0.11514354025905195
2016-08-01,PFE,-1.152739592365991,0.018368208479628334
2017-03-23,BUD,-0.13017570853727906,0.08281288655844989
2017-02-23,BSAC,0.2785921464085769,0.05795221714359537
2016-12-16,JNJ,0.013802884646528745,0.04459989308598808
2017-07-11,BSAC,0.34030288015087473,0.07229124377853748
2017-06-23,HD,0.2743615358421301,0.06287101990563149
2017-08-10,UNH,0.013495990197318087,0.05821748772778115
2017-04-28,GMRE,0.2997898238448401,0.1891333328123319
2017-05-01,BBL,-0.9547706100820186,0.09216696229570974
2016-09-30,GOOG,-0.0569442207736308,0.06776988926112439
2017-04-03,SLB,0.25829982097327087,0.0460621198696564
2016-08-30,MCD,0.2686441395574235,-0.0017348389542566137
2017-03-21,TSM,0.528664206974141,0.07919805750338903
2017-04-24,CELG,0.14724325233671262,0.034035962387727964
2016-10-19,CSCO,0.13136191915241788,0.08461592567288871
2016-09-01,KO,-0.5045823675505082,0.06433016496038714
2017-04-20,CMCSA,0.8198086064870477,0.05563838199962945
2017-07-25,PPL,0.33429871191756366,0.052141291932450165
2017-05-04,GD,0.04415435937235347,0.029496196311722025
2017-03-17,JNJ,-0.4070485234200952,0.054723309711863594
2017-03-08,INTC,-0.29412277893298333,0.01950700188964867
2017-06-29,TM,0.7763777402645523,0.09423266687428235
2016-10-31,PCLN,0.08258400302353816,0.05147601340716468
2017-05-22,T,0.15625040520136757,0.03553477991477964
2017-06-07,SNP,-0.20154417446808054,0.07498320370902135
2016-08-15,AEP,9.71445146547012e-16,0.05689628852597914
2016-08-24,MSFT,-0.16983081320947807,0.044224998246002165
2016-12-21,DHR,-0.00402148786093968,0.045251253226303634
2017-08-01,GD,0.22968445978807792,0.05133974747273942
2017-03-30,ORCL,-0.22507499754981053,0.09965915291841292
2017-01-23,PEP,-0.061626902401655526,0.016285058697557822
2016-09-21,BHP,1.1590433957390673,0.13094076723832637
2016-08-23,NGG,-0.5286639003228085,0.04699996637716912
2017-04-21,MA,0.35561995502384613,0.09918705525813724
2016-10-21,SPLP,-0.06884688860548945,-0.02509829683138475
2017-02-28,MMM,0.2919281629103716,0.042402867041758344
2017-08-04,INTC,-0.2383290011370928,0.059644202812895133
2017-02-10,CHL,-0.3182526097355006,0.027914859724413613
2017-06-01,SRE,-0.27679157529707743,-0.007836048759950268
2017-08-03,CODI,-0.2305512495531198,0.04105524779068016
2016-08-11,RDS-B,0.5950498010172042,0.03532077631190189
2017-08-18,MDT,-1.0712244327620684,0.040708833234162425
2017-04-17,REX,0.4031841949680926,0.18750754414436888
2016-12-15,AMGN,-0.5432520229396796,0.04777820721134628
2016-11-07,NEE,-1.7107892011278139,0.0644895091492025
2016-08-12,SPLP,0.4945298947693536,0.0010609748786533438
2017-07-03,XOM,-0.3687862818089415,0.049712942501375965
2016-10-07,UN,-0.9665471159844398,0.04381054502016141
2017-02-16,UPS,-0.1949409177956654,0.062337750244708154
2016-11-23,HD,-0.16108685816362428,0.07294045741139495
2017-03-06,DIS,0.1530223255248032,-0.007396130772231356
2017-08-16,SO,-0.15344771847667224,0.04401405747150043
2017-01-27,UTX,-0.009117368507539103,0.01905742787601329
2016-11-17,TOT,0.21570572621359455,0.10033697592303918
2017-04-24,MMM,0.05963388709289317,0.037327168742762415
2016-08-01,UPS,0.17514043998931114,-0.00495575108685984
2017-05-09,AMZN,0.27620573339298576,0.06764060435876153
2017-01-04,C,-0.4779011472462017,0.07504015626541645
2016-11-29,BAC,1.837276531192917,0.13661151776294145
2017-07-27,TOT,0.3965198089044169,0.0512540961895907
2016-11-03,LMT,1.4983708169414944,0.141554409805917
2017-06-16,PTR,-0.5161162433692017,-0.00435226382939196
2017-08-01,SPLP,-0.10840134938678606,-0.009654182917875002
2016-11-04,BRK-A,1.8094017072392408,0.12285134354349987
2016-10-14,MO,0.3995704547086512,0.06761236950094064
2017-02-15,UNH,-0.20679784303468884,0.021147190374620428
2016-09-27,D,-0.9817440198525172,0.07678369305719583
2017-04-26,HD,0.10089804370467423,0.03936333064706049
2016-11-29,MMM,-0.11260340846638095,0.07725261966544943
2017-04-10,BUD,0.02708966687822455,0.051094117077502776
2017-08-10,BRK-A,0.1861297373748724,0.07471658653968775
2017-05-05,C,0.2736826049424209,0.06725661939708932
2016-10-11,UL,-1.3356311765520619,0.0497080964403316
2017-03-23,T,0.052750884264650064,0.02812275265575144
2017-04-03,GOOG,-0.3323631935115795,0.04525214453606416
2016-08-31,GE,-0.1284522227237773,0.006167522702517553
2017-03-09,LMT,-0.05516145607517773,0.021410638686748404
2016-08-10,SO,-0.32759072894497593,0.06261997787221431
2017-05-12,V,-0.018535278085129937,0.015467898427302479
2016-12-15,XOM,-0.004401884661353095,0.01391000293419696
2017-02-09,PICO,-7.549516567451064e-16,0.01386742438405296
2017-03-22,BABA,0.634562695669937,0.04821783236847947
2016-08-03,DIS,0.3650540908944788,-0.015148425363267382
2017-04-27,MO,-0.34405984652980515,0.024884476547057027
2017-05-05,MA,-0.06307910912707013,0.06469968466406145
2016-11-15,BUD,-0.1010489924371556,0.06729956247045221
2017-04-06,CHTR,-0.407931845563826,0.03551006483985311
2017-07-10,ORCL,0.40310983387302796,0.17931109959554564
2017-02-10,LMT,0.3650992556419596,0.028942648135070914
2017-08-04,BBL,-0.47392910006611083,0.07415832750618427
2017-02-17,HSBC,-1.1745221349992083,0.05294504895427875
2016-10-10,AGFS,-1.8837443011940187,0.01807398378614776
2016-12-06,NEE,0.730712057157752,0.15469120694472943
2017-05-22,BBL,-0.5276009276203446,0.08559296478128843
2016-11-07,AMGN,1.1445564512780346,0.051048024951469095
2017-01-18,KO,0.3980461110236639,0.013012438496035506
2017-01-13,BRK-A,-0.3662191376944174,0.02136110680095607
2017-06-30,FB,0.33106431618697424,0.11763759748495896
2016-08-02,NGG,-0.5436247626390673,0.04787447321251313
2017-06-13,UTX,0.24010009830192444,0.028005296598663576
2017-07-17,REX,-0.2936070525547092,0.07289776291785995
2016-08-22,UTX,-0.09793413121634627,0.07206299463139364
2016-12-23,MCD,-0.5800363857973233,0.01296255557248302
2017-03-21,ORCL,-0.06701704665419428,0.12022118001789857
2016-10-25,XOM,-0.7208607927023272,0.0736296493540095
2017-04-12,MO,-0.208959932063504,0.007209545062080894
2017-05-19,BRK-A,0.29426004520623816,0.018968067866107385
2017-06-07,TOT,-0.2992763127411705,0.07276265559579399
2017-08-22,UN,0.15186135178046178,0.02322189420119712
2017-03-31,C,-0.13081815857739293,0.11669538175033532
2017-06-16,MO,-0.20550379555476486,0.04437687880263119
2017-07-21,SRE,-0.33163000315938723,0.04991145684051196
2017-05-18,LMT,1.0734658422157164,0.030384849104519718
2016-07-29,GE,0.08971506171701074,0.012600289599734901
2017-01-12,RDS-B,-0.30477411694394496,0.05561539164631461
2016-09-01,MA,0.1082892931557228,0.0689666871161354
2016-10-03,HRG,0.1297863087950011,0.10012797045017159
2017-03-23,AMGN,-0.200955501413907,0.08187947055812152
2017-03-17,GMRE,0.4002058750552856,0.0032848194221807778
2017-05-02,BCH,-0.4050972501562452,0.05053573555247297
2016-10-20,HRG,-0.7349908441748305,0.07294910729390801
2017-07-24,T,1.473482824453216,0.049275027260862456
2016-08-25,LMT,-0.2643616041001444,0.024270756391783166
2016-09-13,REX,-0.055259570925535774,0.2710116518361795
2017-02-08,CMCSA,0.5050176376785448,0.07679722459823528
2016-11-29,PM,-0.5414815739809302,0.14457783040694872
2017-04-10,AAPL,-0.2771097963581974,0.04749389909244202
2016-12-28,GE,-0.11388970588790208,0.037747863474444546
2016-09-16,CODI,0.2452618316223189,0.014471924821519697
2017-01-09,JPM,-0.6198559206033571,0.07852781252461276
2017-08-04,GMRE,-0.04444446273435254,0.03161396314851954
2016-08-12,PPL,-0.62180908631541,0.04981065206666552
2016-11-17,CVX,0.5257693325541479,0.09616321005749782
2017-07-27,PEP,-0.17805205324005965,0.025972276615626608
2016-11-10,SPLP,-0.10060933243831019,-0.03653618240392085
2017-06-30,AMZN,0.5797383490314567,0.12574743212446587
2017-02-23,IEP,-0.28421819513951635,-0.0005313939873794193
2017-08-21,T,0.19067781888691676,0.08907215355622021
2017-06-30,MMM,0.21974075873936122,0.09422540189096003
2017-05-30,KO,0.24067603947217994,0.014524049015396237
2017-02-02,HON,0.44753659912869975,0.04690449046296466
2017-05-23,MDT,-0.07815802198792268,0.039495944779749825
2017-08-22,AMZN,-0.2673708371008012,0.0448771139083262
2017-05-03,WFC,-0.04745698145260458,0.08959833886281164
2017-08-02,KO,-1.4814538484841933e-15,0.0028012823368264023
2017-03-27,PCG,-0.048361849949044924,0.03740490558301472
2016-08-31,UN,0.2500029161828141,0.03137767444227853
2016-09-20,AEP,0.15018008018874554,0.10433411026242316
2017-02-24,CELG,0.8980798245577434,0.05651783517078798
2017-01-20,MMM,-0.11349520843427272,0.041890366841943666
2017-08-21,CODI,0.2318866556183889,-0.013742419485767814
2017-06-22,CVX,-0.06328596251475554,0.08430617207317519
2016-12-22,TM,-0.5818970923595128,0.0882312369871557
2016-11-03,CSCO,0.44359387234223535,0.11191791393056243
2017-03-03,CHTR,0.07184919264349665,-0.0010738549602440015
2017-05-22,PM,0.6318000283126332,0.04208859873277038
2016-11-10,CAT,-0.14390701381986637,0.05929812101128765
2016-10-20,NEE,0.15888021674053282,0.1271286331903979
2017-03-20,BAC,-1.1884683252101058,0.11643949343448755
2017-01-24,DIS,0.50334345625577,0.04453159432031134
2016-09-19,REX,-0.2496415047941929,0.23121052097395406
2016-09-23,VZ,-0.22192642300093768,0.06420563748803114
2017-01-24,CAT,-0.12089483508964083,0.06412888847481407
2016-09-29,REX,0.43007238749232696,0.12599634272522425
2017-02-23,BBL,-0.4917799244839231,0.08019302319291875
2017-02-03,NEE,0.20186280772793772,0.054470032463210735
2017-02-03,JPM,-0.04133851269391937,0.09758574639401481
2016-08-30,WFC,-0.3386851052460802,0.036318605496058434
2016-09-02,DHR,-0.7478904769605285,0.04858201771264273
2016-08-05,PCLN,-0.08844165936968516,0.04242821447852187
2016-09-28,CVX,0.015656203864419283,0.07590796010286215
2016-10-13,GD,-0.03976934902159253,0.05997087120441805
2016-08-19,BRK-A,-0.0898716350039699,0.037235170799553255
2017-04-05,UN,0.7172639663103745,0.04289757626873826
2016-08-09,MDT,-0.10742252473789522,-0.003978831897437099
2017-08-08,JNJ,0.1671379185878614,0.03893974273877186
2017-03-09,SLB,0.2399778076498121,0.041549817741340825
2017-06-08,CVX,0.4431314501585978,0.03536989952945267
2016-10-31,CHL,-0.12226061009031666,0.029405135269673588
2016-11-25,PICO,0.40269816818111953,0.15462278872861268
2016-12-12,PPL,0.37362690908943,0.03221246608453311
2017-02-17,BSAC,0.21917953586795663,0.04003755238462975
2016-09-13,GOOG,0.30619032335698204,0.10942830555650367
2017-01-27,CHL,-0.10598927879645906,0.03491422588548093
2017-02-14,MMM,0.6129306968760118,0.04414588672317965
2017-04-26,MSFT,0.36521144876553224,0.05639800771420231
2017-03-06,HRG,0.08643990151582584,0.07113839533188245
2017-07-05,HON,0.14446872677496905,0.061108321119086775
2017-01-25,RDS-B,-0.5401546345177793,0.01948968227246045
2016-11-14,C,0.31211174036451456,0.04302868260414536
2017-04-27,BP,-0.04656590872541664,0.0562206527484372
2016-08-10,MDT,-0.036693785818106284,0.003930599786999361
2016-08-09,MCD,-0.06264501674572542,0.027569862504445014
2016-10-03,TM,0.20027722607633494,0.12012642991961438
2016-08-31,CELG,0.16978580440837338,0.014005571739964834
2016-11-25,T,-0.3084082447277402,0.09346295875409331
2017-07-07,ORCL,0.4844608999760759,0.18210623850351987
2017-04-11,PFE,-0.18951846832414193,0.063902068536669
2017-07-12,T,-0.3837842384630172,0.05102208927294975
2016-11-28,UNH,0.792411178308045,0.06800317579440089
2016-10-19,UL,-0.1591660922437252,0.0353015779291168
2017-07-07,NVS,0.20304839128129987,0.09458745674429213
2017-01-12,WMT,-0.23381575348659261,-0.012759095322408848
2016-12-23,CODI,0.33058660100123544,0.04153641979427429
2017-08-07,BHP,-0.742354706053167,0.06773742708776807
2017-02-27,D,0.030849696552309548,0.051723948729624894
2017-02-08,GMRE,1.2423439905375004,-0.005096647568256417
2017-04-28,PCG,0.026824785839354392,0.01665703756966065
2016-11-03,TOT,0.14005459766295028,0.13342308305646855
2016-10-12,NVS,-0.18945087272525005,0.04833401557477125
2017-05-25,UPS,0.323960029816575,0.028625174333261325
2016-11-07,HD,0.6237071558810257,0.06469149944985592
2017-02-01,TM,-0.34832281266721693,0.04750130990050701
2017-07-07,PICO,-0.41117570321139596,0.0439189064826038
2017-08-17,DUK,0.2085269122062292,0.042251114515200514
2017-01-09,DIS,-0.07211266084332264,0.055919668273424386
2016-09-21,BP,0.7188527284389468,0.0674650827597547
2017-03-21,BUD,0.0017944553234110262,0.07592455494067567
2017-01-19,UN,-0.4808874949673022,0.028627626068531448
2016-10-05,PCLN,-0.5790907399928182,0.07657921979070952
2017-08-17,BUD,-0.17186665429114592,0.12766100170779449
2016-09-27,XOM,0.7104413827379965,0.06297601146978443
2017-04-18,CODI,0.11939956317530327,0.057991617652734265
2017-06-22,UN,-0.28621022791947504,0.02231724107291211
2016-09-08,REX,0.044562433365941304,0.19740021669650676
2017-07-03,MSFT,0.5269564642943979,0.12147975170280713
2017-01-27,WMT,0.2542392060148819,0.0005229039153944737
2016-11-10,PCLN,-0.5401952315722706,0.16600024321269552
2017-02-14,TSM,0.46689844078750087,0.08929554160073246
2017-03-16,DHR,-0.02316298851029342,0.036203903444615895
2017-07-07,HON,0.25338528360476453,0.06048479830577737
2016-11-22,NVS,0.1958379872699271,0.10348901876795492
2017-07-25,AEP,0.5105686131173451,0.06034295773690011
2017-05-30,LMT,-0.23053558837809054,0.06727424209389896
2016-11-21,PM,0.21751245460071109,0.15442487257921855
2016-09-23,MMM,-0.1312173710860598,0.07957375428370637
2016-10-25,PTR,-0.8536152691019068,0.18268194027843337
2016-08-30,LMT,0.15972768110564334,0.01061944246415418
2016-09-16,PG,-0.06598106436272455,0.0934222556335673
2016-10-10,CODI,0.23789895335993277,0.027260294760060255
2017-08-07,PFE,4.884981308350689e-16,0.024355356093595862
2017-04-24,BUD,0.17256965641016841,0.05096277074609476
2016-12-23,ABBV,0.02244561449061091,0.07431451795616757
2017-06-21,MO,-0.31138276357540784,0.06047143470634685
2016-09-27,EXC,-1.405787768543193,0.0975913351213407
2016-09-23,V,0.03873116041058202,0.08696507859298776
2017-01-25,MSFT,-0.031431036687601964,-0.014322174673124619
2017-04-03,JNJ,-0.05621954562257553,0.03741632040985089
2017-02-14,D,0.6008379983554513,0.06222896341225982
2016-08-03,PFE,-0.09088138711800667,0.03675564650598977
2017-04-11,CVX,-0.8894509279599909,0.03129425134970926
2016-11-02,JNJ,0.9271536405764262,0.08183449256659052
2017-02-09,GE,0.572990766967647,0.038731896209349026
2016-08-15,D,0.33845232566330835,0.059564192855331724
2017-02-28,CHL,-0.20736940608483395,0.022771551663086517
2016-10-26,BBL,-0.6379272380102876,0.10641361725025654
2016-10-11,SNP,-0.029311995579207606,0.1426001025126743
2017-05-19,PEP,0.7289217879005182,0.01550243749201606
2016-09-29,SNP,1.2707343248140313,0.12127809315164577
2017-08-07,FB,-0.14355338546664856,0.0764991297199062
2016-11-16,HSBC,0.4305587821814303,0.07216987844152066
2017-07-13,CMCSA,0.09137122143403233,0.05041968871879729
2017-08-15,TM,-0.07251761141881483,0.06972614532037093
2017-06-08,CHTR,0.05267816948959027,0.08855893478788125
2017-01-10,HSBC,0.5613719315531174,0.046763393969385406
2016-10-14,NVS,-0.1450881219861539,0.058861914366602736
2017-05-12,UTX,0.1635769060277553,0.04916006800583643
2016-08-29,CMCSA,0.20606096655915027,-0.001328337757559729
2017-06-23,XOM,-0.21683095563104388,0.06074636917217795
2016-11-10,BAC,1.359949487143701,0.08044014626766151
2017-02-28,CAT,-0.1516194420384378,0.09158480988402061
2017-03-17,TSM,0.13455834712827894,0.040216884636787104
2016-12-27,BBL,0.9059807378798418,0.04130051687871533
2016-09-13,BSAC,0.2527992835421772,0.05121881068280132
2017-02-02,GMRE,0.14251826746909563,0.048398243950716804
2017-04-11,CODI,-0.16320298224033397,0.05345005559726966
2016-12-02,UPS,0.5509982180431088,0.03431290498441775
2017-04-11,PICO,1.9752882934482474,0.10046142320925504
2017-03-28,PTR,-0.23684694726041858,0.04717931131884204
2016-08-16,KO,0.009123923535868883,0.06790481339156507
2016-11-25,DHR,-0.5711746822895263,0.08446625300375364
2017-05-10,BBL,0.2682840773689076,0.04601110843461666
2017-05-02,CSCO,-0.19959081809112963,0.04396814630899787
2016-11-22,VZ,0.1650077924016154,0.0958181803731092
2017-03-13,CAT,0.5871489844945365,0.09109956891051017
2016-11-08,D,-1.1615651756800744,0.04328228317685914
2017-02-22,TSM,-0.307939936460504,0.06673156006631982
2016-10-03,AMGN,0.11559562407035287,0.07393136969123977
2017-02-21,PCG,0.6424177107684077,0.04043271991019158
2016-09-19,CMCSA,-0.012152974921940984,0.06269805582978077
2016-10-20,MO,0.8173451590638715,0.0815373457707448
2017-01-30,PFE,0.781930417126562,0.027400765697353335
2016-11-29,BHP,0.48576957449790487,0.14615452759593445
2016-08-25,HSBC,1.0960140271610277,0.11781451378844558
2016-10-17,TSM,0.542144794373558,0.13125670522145022
2017-01-27,D,-1.0381336969322228,0.012616400448002454
2017-04-19,MMM,0.5374119314864552,0.051935119789110376
2017-08-22,PPL,0.17342622889869275,0.02202129058212074
2017-03-30,ABB,-0.02572369519341744,0.08197726329613146
2016-11-30,BA,0.4699922735748038,0.051854703316578196
2017-06-23,JNJ,-0.616303657378832,0.01915011705973793
2016-09-02,MSFT,-0.21618085317401842,0.02996609477527773
2016-12-12,GOOG,0.12453681673286425,0.10358305029823199
2016-09-26,UN,0.26542389580486486,0.05960172318292638
2016-12-05,JPM,0.3500284320894055,0.025896956524547515
2016-11-08,TM,-0.23332125390547143,0.06505416692189296
2016-09-22,DIS,-0.3477225378596299,0.005501834699772751
2017-04-04,D,-0.03610565335784786,0.03950643147697459
2017-06-19,BBL,-0.4317192994502358,0.023064036341158597
2017-05-10,CHTR,-0.7810729731607624,0.06156979425695566
2016-10-13,AAPL,0.013672824438379111,0.05590651760433328
2016-09-19,MRK,0.265633904361384,0.06690112069708155
2016-08-08,PM,0.012171143883003721,0.05137592466590467
2017-07-25,BSAC,1.3314137218370812,0.060563964564354394
2016-12-29,JNJ,0.1397832147385856,0.037928619968665714
2017-04-03,PTR,0.12242222775311802,0.04393594191105191
2017-04-07,PTR,-0.2670003331937391,0.041732340115579705
2017-02-27,MCD,0.1631257591672907,0.006723478590591213
2016-09-09,ABB,-0.19945782282650124,0.12673548165924375
2017-04-11,ABBV,-0.22878956958441546,0.04713285966602937
2017-03-28,ABBV,-0.26547046586824374,0.08288137038258352
2016-12-28,CELG,0.24910315353912593,0.05497936152907597
2017-06-30,DHR,-0.43847243623368026,0.052157146821299405
2016-11-23,PPL,0.17599848585024686,0.15766512402656507
2017-07-24,MMM,-0.8591434893309667,0.06168676380865783
2016-07-29,BA,-0.29090185697240517,0.044471800321953844
2017-07-03,BUD,0.11738748871581864,0.07861706487584826
2017-05-17,CMCSA,1.1376284290267191,0.07294659135192295
2017-04-10,ABBV,-0.21253549320106774,0.05190080736809967
2017-02-17,BCH,0.10248658166701263,0.04112306235484868
2017-06-13,AMGN,0.224965367559325,0.056304284445727965
2017-02-27,SRE,0.2066322648547982,0.04830698764861864
2017-08-01,PTR,-0.16710633729803423,0.045232203915882535
2016-08-16,TSM,-0.402931766307999,0.09873668642765725
2017-03-01,PEP,-0.07852741657214013,-0.007734231492396389
2016-11-25,MRK,-0.35025970298819153,0.062160047717167155
2017-05-15,BA,0.1398688031276766,0.04318368389623202
2016-09-06,PCG,-0.7011475041682381,0.05646915854879475
2016-10-05,RDS-B,-0.17934054816434003,0.08140760304342322
2017-06-02,BA,-0.021039064680405055,0.06828734036901085
2016-09-07,UN,-0.8410919447973596,0.046043016951901425
2016-11-25,CODI,-0.3133217662471062,0.03914644224606134
2016-09-20,EXC,0.15861511380951118,0.096562357479321
2017-07-20,TOT,0.035718236571183525,0.06487662420613777
2016-08-30,DHR,-0.46093302885051585,0.049493276474704306
2016-10-13,CAT,0.0974294710280424,0.11498422384497041
2016-12-28,SPLP,-0.1432777165311821,0.07430152191138663
2016-11-04,HON,0.9030883782599812,0.12252440243217684
2017-03-03,DIS,-0.057615622771606076,-0.02236349258445764
2016-08-08,D,0.0026643680637118638,0.04948887334393193
2017-03-28,CHL,0.12221449987272207,0.07358339216659175
2017-04-07,MA,0.07647463895975051,0.07690922098513532
2016-12-01,XOM,0.2460713437667808,-0.0031567604737891206
2017-05-23,UNH,-0.004566726827687284,0.039975913219687575
2017-02-08,CVX,0.36719765918209013,0.06314418755668806
2017-06-26,NVS,-0.5102447637519938,0.0906399662327164
2017-07-06,SLB,0.41332669148462137,0.04078416823644923
2016-09-12,HD,-0.36096441321520445,0.021510818539242582
2017-05-25,INTC,0.033068108011658215,0.04759541832121342
2017-03-07,C,0.3083538240437861,0.0845947308063668
2017-01-26,MO,0.1686578674118906,0.03603039337571455
2016-08-17,RDS-B,-0.4702549376199473,0.04038692502526689
2016-11-25,PPL,0.012000351824125533,0.13463282459785275
2017-02-13,CHL,-0.3267539773342872,0.022740870190805618
2017-08-08,GMRE,0.5298323089395258,0.04466464422095108
2017-05-09,PFE,-0.2802366002059526,-0.004636422680217786
2016-11-09,UTX,0.5290775571770345,0.04835635573032601
2017-01-06,HSBC,0.004858723819564851,0.042058606610024626
2016-09-26,EXC,-1.2135672622869291,0.08492457372392688
2017-07-18,UTX,-0.3637218433032172,0.04723553169790988
2017-05-03,CELG,-0.617053590593404,0.02048242068601802
2017-02-01,PCLN,0.3258990038676356,0.03559536555149852
2017-08-25,AEP,-0.00815688946010371,0.05087840726251315
2017-06-13,ABBV,0.44007807314549563,0.04228265650089391
2017-02-09,XOM,0.11210017942363329,0.04432611802136831
2017-05-05,CHTR,-0.7784410228605854,0.03691042299705603
2016-10-17,AEP,0.01904589701117725,0.09234301172502145
2017-02-17,UNH,0.9611776666293412,0.0522954081660711
2017-06-06,CMCSA,-0.24114081011113636,0.08353585528293227
2016-12-28,BCH,0.556422646321393,0.0685199651101972
2017-01-09,WFC,-0.17034041961238486,0.05913808484428165
2017-05-25,HON,0.041827041348054,0.0455339738423606
2017-08-21,D,0.3524761322516762,0.008725711474420125
2017-06-07,UPS,0.5017164836263511,0.05311494823282088
2017-07-03,ABBV,-0.1608227387670611,0.043574499094002905
2017-03-09,BAC,-0.10282877740107825,0.1383683793034624
2017-01-11,ABB,0.2497780537671715,0.08210931202495918
2016-11-22,SRE,-0.07800439228673146,0.18080692172615898
2016-10-03,CSCO,-0.01905619166542618,0.09977114388296822
2017-05-30,REX,1.3345330493522698,0.09854922515881741
2016-10-31,PCG,-0.3343952657617768,0.07021834734352746
2016-09-14,MA,0.5101062860419938,0.16888024386806788
2017-05-24,PFE,0.40767350810987396,0.008457441007189662
2017-07-06,CSCO,0.35490591484724127,0.09487652167059625
2017-06-19,SRE,-0.3373697363509149,0.03526077621862833
2017-05-15,DIS,-0.2768094473081696,0.014574472259971619
2017-06-22,MO,-0.5514667849664033,0.0684975807215301
2017-06-22,BCH,0.07994259834639401,0.05999874308979003
2017-05-10,AMGN,-0.2904955438419013,0.025651142246319536
2016-09-30,ABB,0.18571854331062088,0.07987586774926538
2016-12-16,SNY,0.4768851040830092,0.03902707001752728
2017-05-25,WFC,-0.3709815458628235,0.06843332162420719
2017-04-19,AAPL,0.42201389374502735,0.03772509419207899
2017-03-01,NVS,-0.39203894117633553,-0.006748381556537841
2016-08-15,PG,-0.03911058614275877,0.05358812339294433
2016-12-16,TSM,-0.2938713134391019,0.07935405735250854
2016-09-07,V,-0.42495343725121526,0.06159148778645118
2017-03-22,PICO,0.6487055150630738,0.11461757234793586
2016-08-18,PCG,-0.5380940040629927,0.06350168250131787
2017-04-20,MDT,0.5141914579998355,0.013795093123690205
2016-12-14,V,-0.2517967819954773,0.07540213182192569
2016-09-19,MSFT,-0.010541588890395536,0.09705176791238353
2016-09-09,XOM,-0.6578716194964656,0.08807184998150046
2017-01-17,BSAC,-0.1282647457735389,0.030376548060425626
2017-05-18,D,0.6655137920031637,0.023340935057249934
2016-08-26,PG,0.14108600752466133,0.06930231964438885
2017-01-25,LMT,-0.007969982603076015,0.030548192362479965
2017-07-11,PPL,-0.0371101512878,0.06527921430096746
2016-11-28,BP,1.0175585014555433,0.03496358487681643
2016-12-06,AMZN,0.2500274531423881,0.15026580068764217
2016-11-17,UL,0.37990151853639115,0.02523839291854653
2017-08-02,UPS,0.2056621569205565,0.05423694395259719
2017-03-14,AMZN,-0.22008482304266136,0.039205756666454025
2016-08-31,BAC,-0.3500075509141964,0.10992154450483073
2017-02-22,PICO,0.21390578233495897,0.012903976497395192
2016-10-11,MA,0.07484832432831964,0.09026305835971739
2016-08-09,TSM,-0.2188800490333803,0.10655487855787087
2016-12-30,SNP,1.0371276868042205,0.05538627854836049
2017-03-23,AGFS,1.6514230805379,0.33449915357992227
2016-09-06,SNY,-0.09673154348005183,0.01038449330344439
2017-08-02,CHTR,0.7813406473761828,0.15125132115610707
2017-08-23,AMZN,0.19921387533752283,0.05768725492030512
2016-09-12,VZ,-0.5281241779576417,0.06425001122984605
2017-04-24,SNP,0.049092333006268064,0.08697981888284832
2016-11-09,SRE,-0.27478017911453034,0.17935609351938164
2017-03-09,UN,0.5615833135457654,0.25245945808532555
2017-01-24,HRG,1.1368779795305701,0.025499694553703794
2017-08-22,TM,-0.14047641347273604,0.07998558539564439
2016-08-03,TOT,0.4191949729412171,0.08735350221112538
2017-03-02,BCH,-0.2972483627708452,0.04176511040162738
2017-07-27,PCG,0.3986650919617721,0.038155176951271505
2017-02-01,MDT,-0.10554171610463177,0.08122043882544579
2016-08-17,SRE,0.1107925748871452,0.048895535640167506
2016-08-09,CODI,-0.19831227596807718,0.04801321133894183
2017-03-07,DUK,-0.20177173750040073,0.028475078809805432
2017-03-28,VZ,0.004056315597252813,0.025080617426923996
2016-12-15,HRG,-0.03904980088583985,0.10074380840991155
2017-08-09,AGFS,-1.010453788491004,0.10948562030356197
2016-10-18,PM,0.004141785900679906,0.08047929751976961
2016-08-02,UPS,0.4034966584489325,-0.014534443898719218
2016-08-03,REX,0.3865581503734899,0.06582968938960551
2016-11-17,VZ,1.1494383778061583,0.09096516237566489
2016-09-15,MSFT,0.21911282399397436,0.08999874557163183
2016-12-06,MSFT,0.9861252067802209,0.12803405846470872
2016-10-28,DIS,-0.30059477057594286,0.02808281165151308
2017-03-08,BP,0.2802239233138414,0.05516497633502204
2017-02-23,GE,0.1129377447423348,0.03274640234616594
2017-08-03,PCG,0.06374766289661847,0.013335553322749827
2016-10-05,BABA,-0.6344906621163331,0.10306284589966679
2016-12-12,PCG,0.3315735025901187,0.022480360092487398
2016-11-21,REX,0.9764514611914116,0.051548732569431405
2017-02-13,NEE,0.35554951842722354,0.04976442677208619
2017-08-03,CHTR,0.7347121239224317,0.1455186861708792
2017-08-25,SNY,0.24895739786943896,0.02134606330767848
2017-07-11,BBL,0.7671503738626074,0.11952737997614253
2016-08-15,CODI,-0.23378106281230285,0.034910342536646516
2017-06-16,AAPL,0.5559177456020579,0.009537342305144511
2017-08-25,FB,0.6739417347828878,0.06122570019885806
2016-12-14,GE,0.39605329816282253,0.02465562326684166
2016-11-16,BA,0.44569209397577375,0.11925293850991832
2017-08-15,PG,0.12757576235049534,0.036305262266758995
2016-08-15,UPS,-0.0036400629639441683,0.008699524245456697
2017-03-31,EXC,-0.005560675026108908,0.017562933672946757
2017-04-11,UPS,-0.2454733012254205,0.060502991228000694
2017-03-06,CODI,0.42749635936964336,-0.031176865129980753
2016-08-23,CAT,-0.36759760697341953,0.03751135311281957
2017-03-14,PCLN,-0.24868482545468512,0.10461720417880117
2017-01-26,INTC,-0.47416236620984664,0.041052089067134825
2017-02-02,VZ,0.21835809135926657,0.01284504408249168
2016-10-24,TOT,-0.3611919734708137,0.09909133222986184
2016-08-17,AMZN,-0.1939722665258399,0.04389469827241434
2016-12-12,BBL,-2.0832880914447736,0.0885135612168831
2017-01-18,SO,-0.4607270279037007,0.028924844953613055
2017-02-02,PCLN,0.4738569249173369,0.03795206618852438
2016-11-22,CMCSA,0.14148727533420224,0.06578103285223533
2016-11-29,SO,-0.5796303697614646,0.09955155589199523
2017-03-10,BBL,1.4397422183037512,0.07993752823078117
2016-10-25,MCD,-0.08356808508909147,0.020723784797148162
2016-12-08,UPS,-0.2878250488818127,0.022668160090250397
2016-08-19,FB,0.22533652449804809,0.0379709311280861
2016-11-08,INTC,0.0976299348164007,0.0949260086370516
2016-10-12,XOM,0.009178515206238835,0.060176069279317915
2017-02-21,CMCSA,-0.24964022059736996,0.02619624973227251
2017-05-01,AGFS,-0.42630388398093644,0.42684014184173474
2016-12-14,AEP,0.35342234839980324,0.07383713636978302
2017-01-03,UTX,0.07744818203327142,0.053828809635820055
2017-07-14,GE,-0.660527660606134,0.027363710279885017
2016-08-05,PM,0.014146354917843228,0.043246150708539516
2017-05-22,BHP,-0.5051039798497884,0.08251297671154444
2017-05-31,BBL,0.026385888167275294,0.10007540933284804
2017-08-17,REX,0.462613342749587,0.10327135827368171
2017-06-28,SLB,-0.03681817385202264,0.026021076806786794
2017-06-28,FB,-0.5853556691040325,0.08072169442562586
2017-08-14,NVS,-0.20134494356462956,0.04824848265935511
2016-09-13,CMCSA,0.44582379688374213,0.06601141754650741
2016-12-05,AMZN,0.020007109626529872,0.1314272471452962
2016-11-21,BBL,0.4267981688377266,0.1247198122965716
2016-08-23,PG,0.032010086544689155,0.05280341887923744
2017-05-09,DHR,-0.03851095326821322,0.03766686547413059
2017-03-09,T,0.23702401944171184,0.017800801930093132
2016-10-26,SPLP,-0.3502716994092313,-0.021721180120475116
2017-06-06,JPM,1.0129622425974854,0.0851076010135353
2016-10-25,SNY,0.8585443793834555,0.05067328139754361
2017-05-18,DIS,0.11030580561276278,0.007428704019936387
2017-06-29,HSBC,0.17972089601367885,0.07852125647471793
2017-03-13,SNY,0.30334303457161205,0.015446915768598843
2016-08-04,GE,0.07684972122638552,0.0018956340151850964
2017-06-07,GMRE,-0.06366141808312073,0.049366789368697206
2016-12-06,RDS-B,0.7226084897817262,0.059374463308468586
2017-06-14,BSAC,-0.2927838694726203,0.09168998539839616
2016-12-22,D,-0.010442054101432553,0.0445628416592742
2016-08-09,D,-0.013385062405932402,0.041094044238771346
2016-09-02,VZ,-0.11759163738835574,0.028249628836181095
2016-09-16,MO,0.33789370128015034,0.0717295269408638
2016-09-12,LMT,0.17345154236434795,0.007104523978971697
2017-05-23,ABBV,0.05460418811959977,0.04276428625416326
2016-08-19,CHL,-0.5182640890361198,0.042827455516520105
2017-03-30,GE,0.040133060213278886,0.062181616674596304
2017-06-21,PG,-0.23176223143348063,0.040652989360703176
2017-03-17,ABBV,-0.021322038100738898,0.055120834800708424
2017-07-21,GD,-0.6569698893826261,0.037023285136444165
2017-08-10,TM,-0.16619852149866712,0.0756824455196768
2017-05-19,MMM,0.4913591230566173,0.04547232678761351
2017-02-24,UPS,-0.04714511407261455,0.05924144298571468
2016-08-10,ORCL,0.05832164918875201,-0.002827027264424825
2017-06-09,PCLN,-0.4336294646150697,0.06535822445984316
2016-09-08,HSBC,-0.18413882470394055,0.08365348579437261
2017-07-10,CAT,0.18460580225783255,0.0876240354565667
2017-04-17,JNJ,-0.4553526146624637,0.01792144498891604
2017-04-25,KO,0.12947996941739723,0.031061573679131593
2016-08-24,ORCL,0.07291354076620496,0.022196475675747437
2016-11-01,MO,0.10965442651408812,0.11473580962713538
2017-01-05,UN,0.08699979354076938,0.03846338197694092
2016-08-11,SNP,0.2670544143222956,0.035120912538824045
2016-10-06,SRE,0.29082319051619887,0.1460270271697075
2017-05-30,UL,0.3513259360371219,0.031328123493974555
2016-12-01,BA,0.38990259698683966,0.041388048596612145
2016-09-13,INTC,0.8413608554200094,0.15540438297772202
2017-01-06,PPL,-0.11607574853865492,0.02812536200821253
2017-02-22,CMCSA,-0.18535754175358057,0.03360342143351869
2017-05-19,LMT,0.7807746383920601,0.02343492914821667
2016-12-20,REX,-0.3402218907884243,0.10930845759291145
2016-07-29,NGG,-0.46075340945548293,0.04259431014860422
2016-11-08,DHR,0.17659164730976595,0.1066854452292356
2017-05-22,PTR,-0.5020201898320629,0.003317373504548936
2017-06-23,LMT,-0.21711221626482838,-0.004056597648824906
2017-05-31,SO,0.1574484078302919,-0.019733343388606855
2016-10-04,RDS-B,0.32071499031809675,0.09840124078805511
2017-06-26,CVX,0.41058227390369684,0.08331421250596573
2017-05-15,MSFT,0.12015387744001464,0.03437511643968891
2016-11-21,ABB,-0.2922609198189788,0.0753120811166504
2016-12-22,BAC,-0.3942781999409455,0.15343040892491933
2016-12-05,HD,0.7417804641200355,0.043586650049955
2017-01-18,C,0.10427624097624397,0.07375286456082249
2016-10-26,KO,-0.18463516174325065,0.09847855072139526
2017-03-03,TOT,-0.2688326765798564,0.05328700405192316
2017-01-18,BA,1.1105755993855326,0.034941259512835984
2017-04-24,MA,0.11548365147860415,0.06638490078507492
2017-07-13,PEP,0.2596658079489282,0.07258773316482102
2016-09-09,PCLN,0.642377093593938,0.09730779340802241
2017-05-26,HD,0.10103733893289257,0.03682513716134134
2017-06-14,PFE,0.7151132860174723,0.042891425763366936
2017-07-27,SPLP,-0.21621832208431577,-0.008062694876314995
2017-07-25,CMCSA,0.2946738285144982,0.04237672757013819
2017-07-25,MO,-1.9588747756406146,0.01925558093976909
2017-05-24,RDS-B,-0.1835843731062609,0.06603466816560244
2017-04-05,WMT,0.49351084875529105,0.011966993612131688
2017-07-26,PEP,-0.27148232062871064,0.03127708569261611
2017-07-06,BP,0.16194638061704403,0.06049479055858556
2017-03-24,BUD,-0.19943967217329997,0.0838509964920567
2017-06-28,GE,-0.5769278200047048,0.076193157428339
2017-08-25,DUK,-0.032126441236301526,0.02992399292871528
2017-04-04,BBL,1.0283933741691365,0.10828925736057783
2017-08-25,T,-0.27031124949488955,0.021528558612993867
2017-02-06,WMT,0.40845096018283444,0.010396021893663343
2016-10-28,HD,-0.4368454591240124,0.06764513110374754
2017-02-21,JNJ,0.5536329886155495,0.01178428436207167
2017-04-19,PEP,-0.051113637175308944,0.06066205835430799
2017-06-16,UNH,0.3946917177270559,0.052525594858889205
2017-03-02,PM,0.08724028821436322,0.06140491705012144
2017-04-24,LMT,-0.5714250177297443,0.03983765109045252
2017-07-20,GOOG,-0.7162847300847126,0.07427531280868992
2016-11-14,UTX,-0.06519952050553705,0.08096186560479497
2016-12-05,NVS,0.1358292895530038,0.06027859219976993
2016-08-01,GE,0.07689896679405903,0.024074654497744624
2016-08-18,UL,-0.22944867217329667,0.031720670305369486
2017-02-03,CHL,0.1938861206510626,0.02358611030403411
2017-07-21,CHL,-0.2751501109317339,0.015419235690235095
2016-09-29,EXC,-0.7529596054062686,0.08970884056151042
2017-04-26,UL,0.22636590906811388,0.037151326317351185
2016-10-17,C,0.3992804749598315,0.10852038309916119
2017-04-20,TOT,0.526139957419017,0.10259381154332238
2017-03-23,ORCL,-0.12049508701951983,0.10490002797141769
2016-08-09,PEP,-0.05178336670791349,0.037229352022889045
2017-03-09,GE,0.06059582060883192,0.02366382542043667
2017-07-14,VZ,0.3052794171726969,0.04321737869819217
2016-08-11,JNJ,-0.4990223627636309,0.009320315074386756
2017-03-02,CHTR,-0.050070153410545534,0.0002667250049036146
2016-11-25,PFE,-0.037903087128235605,0.04595245963421364
2017-05-19,BABA,0.12459034718854678,0.06179178761450145
2016-09-20,AMGN,-0.20289502793646683,0.07308467683393839
2017-03-10,PCLN,0.2085722659971878,0.09796345313098266
2017-08-21,PPL,0.300757554956644,0.031830788532649215
2016-08-29,EXC,0.2335834896511197,0.027823181567554298
2017-04-17,PCLN,0.31391179812294434,0.041140359275973135
2017-06-08,BCH,0.2612731895648338,0.059266852804135045
2017-02-23,SRE,0.22725285967363185,0.04469008384314767
2017-01-23,CODI,0.057060422175964146,0.023980590522409015
2016-08-04,NVS,-0.02413872827132737,0.012707003210025464
2017-07-17,BA,0.30201459904438355,0.06264922557019566
2017-03-01,UL,1.98729921407903e-15,0.23882801127691444
2017-04-13,DHR,-0.9746376326122579,0.05132616306337108
2017-01-10,PPL,0.35047745941205655,0.05869152398735322
2016-09-19,PCG,0.3887323853169539,0.06513679733450814
2017-06-16,XOM,-0.45549966854429336,0.035005964490420816
2016-10-04,CHL,-0.34478110724902583,0.05225842774852539
2016-10-03,PTR,1.8387898670044418,0.0966481101789309
2017-02-06,UTX,0.24068403782038503,0.04477679678835357
2016-09-06,AAPL,0.04637285915861389,0.003470320482955487
2017-06-07,CSCO,-0.006329110843891162,0.07248917905317524
2017-02-27,MMM,0.21181122211918607,0.05080462661580472
2016-11-08,ORCL,0.020432192766347713,0.07335147193419488
2017-02-15,UL,2.126172897392304,0.045172401620296856
2017-07-05,CAT,0.2716604028144521,0.08453241711991162
2016-12-14,DHR,-0.08913029951866958,0.040576422874210774
2016-08-26,AEP,0.16932187884162456,0.10807875922963832
2016-10-11,GMRE,0.08492769469784116,0.07685056476326553
2017-01-24,FB,0.1463308145350037,0.06656268860311998
2017-07-24,SNY,-0.14725973754868144,0.033894493119730376
2016-08-23,AMZN,0.13411564809537882,0.05074996901846762
2017-01-04,PPL,0.08194645541969084,0.017806411381115883
2016-09-08,PM,-0.3123351803684064,0.07013646671142526
2016-08-24,RDS-B,-0.3262110069872147,0.029731845518074423
2017-06-06,HRG,-0.5311408214302765,0.12183612574431417
2017-01-03,UPS,-0.2026243666204297,0.025084079200344445
2017-06-26,HD,0.33920131812680576,0.05044628567599148
2017-03-15,CMCSA,-0.37974196432448426,0.01509895495202962
2016-09-21,AAPL,0.07032965078334014,0.10180624539741483
2017-08-14,UPS,0.024613223489475346,0.08153666402599698
2017-06-13,BHP,-1.0578978077581314,0.058339643708075234
2016-08-15,MO,0.02412894949366058,0.02574155051411607
2017-03-30,UNH,0.04238144427091451,0.035994693773953035
2016-12-08,BRK-A,0.17403339240587537,0.005003005504441764
2016-11-17,MMM,0.08317499677306725,0.10433304123886857
2017-07-11,TSM,0.2750909333909166,0.10821799570793929
2017-05-12,CODI,-2.997602166487923e-16,-0.013428055212455547
2017-02-28,HRG,0.21645341730233875,0.06465722447182355
2017-04-20,HD,0.9711913538889954,0.03482861328199417
2016-10-11,CELG,-0.3133432508253101,0.07558926318831012
2017-03-23,CHTR,0.27618814749558196,0.012919391444954423
2017-03-07,SLB,-0.39665188911771326,0.04261020303022768
2016-11-29,UTX,-0.2607883453808422,0.04707711120492988
2016-08-02,PTR,0.61652037955919,0.06685081042619599
2017-07-26,D,0.20915495070639264,0.022783728147109758
2017-03-16,UNH,-0.7142989988794513,0.08632603042319735
2017-07-27,MRK,-0.05345463486683746,0.024363407189418346
2017-06-01,PG,-0.063644705680959,-0.02240976522479956
2016-08-12,SLB,0.5130645374615765,0.08147200679729531
2016-08-03,ORCL,0.18581968789442543,-0.0018569024876539386
2017-01-03,REX,-0.7861132649545959,0.009731638280335672
2016-10-31,MA,-0.19908008311189213,0.1641055855463402
2016-11-23,PCG,-0.2295547817797854,0.16117122396089872
2016-11-30,CHL,0.14574632688682657,0.027062504103104457
2017-06-22,SLB,0.0030561059215591935,0.05697327787037558
2016-08-09,AGFS,-0.9758032833886411,0.21120852084327008
2016-12-21,TOT,0.4353643350492066,0.06565691406071533
2017-03-06,CMCSA,-0.074923882854453,0.007624839123989431
2017-07-10,BABA,1.0061772064364138,0.0913946617805373
2016-10-20,ABB,-1.7166704638264076,0.0693579645992133
2016-08-23,CMCSA,-0.033534682696867796,0.010630043233706907
2017-06-26,EXC,-0.7502589798935663,0.05314693653978003
2016-08-25,HRG,-0.22236300018072414,0.10711129488339906
2016-12-14,PCLN,-0.29912714353238323,0.049049488078524106
2017-03-22,UTX,0.023216092596327665,0.057602897553850174
2016-08-08,DHR,-0.01230451803721016,0.014023663498835215
2016-11-03,AMGN,2.2828881675331383,0.081181693161661
2016-08-01,MA,0.3565366660570203,0.07525493425082806
2017-02-27,CSCO,-0.040907494435511824,0.08715393651699398
2016-12-28,BHP,0.7052543590324059,0.03673676573129736
2017-04-18,JPM,0.7151042650978852,0.12009343786567105
2017-07-18,T,0.1274060480478636,0.053460096489116635
2016-09-07,CSCO,-0.5032918140761524,0.06954259710740093
2016-12-08,BHP,-0.9853183696249594,0.06500777723433826
2017-08-02,SLB,-1.0818266013197781,0.028553711881457
2017-08-16,DIS,-0.13745699867108305,0.03290654871610195
2017-03-15,PEP,0.16313363406475964,-0.015040063329743343
2017-03-14,MRK,-0.09054633229578249,0.005880322294836052
2016-12-14,AMGN,-0.34186689252005314,0.057265236320281895
2016-08-15,BA,0.04895207116463361,0.031589311277148396
2017-07-13,BRK-A,0.12857023042742308,0.02443421302550071
2017-02-06,SNY,0.9138421719311294,0.04450219257171009
2017-03-21,AMGN,-0.2581777894463265,0.08424940908172444
2016-08-31,RDS-B,0.878097942380073,0.0438234727123228
2017-01-31,FB,0.23192035627264213,0.06729588652600896
2017-07-18,MDT,0.01862894556189414,0.01820511112984148
2017-02-09,HSBC,0.48183923691533687,0.07690896680079394
2016-07-29,MRK,1.6987036165969776,0.01228456564176214
2016-10-03,SNP,0.9543866069963457,0.13307078754181456
2017-04-13,MRK,-0.23132899880701246,0.05032651877293526
2016-09-08,ABBV,-0.2229029881397775,0.021182337262050724
2016-11-25,HSBC,-0.0704235638327628,0.03625553080703883
2016-10-31,WMT,-0.06866906931076251,0.017067525912406886
2016-11-25,NGG,-0.14537871560026186,0.10013995344994035
2017-03-07,V,0.10973754516387932,-0.0004094960706954448
2017-07-17,UPS,0.021411914618805195,0.04533075008544858
2016-09-02,GD,-0.26176671334698737,0.058137936987328734
2016-11-17,CHL,-0.11431744756017692,0.02539014137601729
2017-07-18,PCLN,0.4074121946017287,0.06222961394570632
2016-08-08,DUK,-0.5376251029589726,0.06180362288499383
2017-07-07,PM,0.20756968243684737,0.11413089268915437
2016-09-15,BSAC,0.32614630078669926,0.043089930943488355
2017-06-06,UPS,0.4455262458719179,0.054219037065160056
2017-08-14,V,0.2954830290457002,0.08164908994246688
2017-06-20,PPL,-0.16334955531895862,0.011670216194392471
2016-10-19,BCH,0.7655184094923679,0.046999375745590155
2017-07-26,UNH,0.2345303748063856,0.02221673683872466
2017-05-11,REX,-1.4565028460321225,0.18186196300705293
2016-10-24,PEP,-0.02051434646445252,0.09056776141893037
2017-08-08,BP,-0.7772936614036186,0.04628474181510056
2017-08-02,PEP,0.17568098621069958,-0.0028967032633130524
2016-08-19,GE,-0.012805052733943525,0.006877593314063082
2017-01-06,BBL,1.7499753063176555,0.09210209385317177
2017-07-18,HSBC,0.476996400852258,0.10785781376964097
2017-06-19,BP,-0.6543170007333712,0.04845421562104331
2016-10-26,HD,-0.3983667147514506,0.06821799785553359
2016-10-20,BA,1.070647564834412,0.08138058974555996
2017-01-25,CAT,-0.62925718217275,0.0614911301429234
2017-04-13,PCLN,0.15171455520552224,0.04879557555276251
2017-07-31,AEP,0.23955638852150063,0.025934623342466517
2017-02-21,BSAC,-0.15409095117191565,0.0343290619029476
2016-09-07,BA,-0.763796092616374,0.04641740620710898
2017-04-05,JNJ,0.09592445895716403,0.032331741048956586
2016-08-26,DHR,-0.0024608876695304096,0.040679569668625695
2016-10-10,BHP,-1.1638185869020297,0.15576165611633247
2017-07-14,IEP,0.4635472386014853,0.06195337453269317
2017-04-06,ABBV,-0.09611178708003544,0.06526580741546718
2016-10-06,PCLN,-0.6535948161090933,0.07679151449474726
2016-10-14,JNJ,-0.7134933613767472,0.06263450467587621
2017-05-03,SPLP,0.03293879325537108,-0.037281493055142646
2016-12-29,CAT,-0.05367046832223328,0.04136460663905825
2017-06-12,SLB,-0.3522384986719858,0.04795691264830931
2016-12-16,MDT,-0.2963201729456513,0.07050736978183038
2017-07-17,FB,0.7700584719387412,0.0963444057436978
2016-10-21,AAPL,-0.5001969358990704,0.061973697073231554
2017-08-11,SO,0.18856773495244777,0.04710540363816128
2017-01-23,CELG,0.15433169094573124,0.04332053709643685
2017-06-01,BHP,0.21469189512326237,0.07923179202346654
2016-08-03,UL,0.15638607667107696,0.01412292284825567
2016-09-16,SNP,0.3107536330938707,0.14537785783273854
2017-04-18,MO,0.024867067183726214,0.012413425197670191
2017-07-12,AGFS,0.3629863701135454,0.19939772576998838
2016-10-26,BABA,-0.8486537132893872,0.04334142610834517
2017-05-25,GE,0.28174601114110687,0.04179319962298933
2017-04-07,CMCSA,-0.44133113969221255,0.06808707739571822
2017-06-19,AEP,-0.05280382756043615,0.02428393070032804
2017-02-02,PPL,0.0792069948788765,0.0438643865861644
2017-03-08,AMGN,0.5350239145587213,0.023089052471168867
2016-10-05,AAPL,0.7449085957221847,0.11793404074482085
2017-03-20,BUD,-0.10388636693799605,0.07033208765394595
2017-07-25,BHP,0.5784717112093698,0.0958825605872941
2017-04-05,PTR,-0.09058939010192481,0.04179146852080065
2017-04-13,NEE,0.34118511165083315,0.01937938147471177
2017-04-27,SNP,-0.668725349121986,0.08487363521153034
2017-08-04,MCD,0.44743412174767644,0.04240704650189338
2017-06-22,TM,-0.2192276695307347,0.07431214651460795
2017-01-06,CELG,-0.36438187073316375,0.06127581891148905
2017-03-01,REX,-2.11388782652428,0.06930075680777048
2017-05-04,HON,0.10642314450413917,0.076232354582649
2017-05-31,GE,0.21794811362758287,0.03544709379284873
2016-10-24,PCLN,0.03299262434020915,0.03528523530098347
2017-03-01,C,-0.1402372226659306,0.07926981818858951
2016-09-09,EXC,0.2558408324363802,0.1357590732339446
2016-10-20,GD,-0.07711774152786799,0.06796723749726313
2017-07-25,UPS,-0.546164257609546,0.028202705692392097
2017-06-09,TSM,0.0446532402184129,0.07630434490766298
2016-08-31,EXC,0.48811445663036945,0.03788530613792221
2016-11-29,UL,0.10103467486194387,0.04506410325192643
2017-05-18,HRG,1.164730543619643,0.06443713267794283
2017-04-13,SLB,-0.8655506780449509,0.05881962429849974
2016-08-17,XOM,-0.02044038844652919,0.020512090247032516
2017-02-24,HRG,0.1951234883313307,0.07102932052859508
2017-02-28,MRK,0.027306683682661405,0.04490256133096299
2017-03-24,HD,-0.11950830088272857,0.059446549588101624
2016-09-07,KO,-0.5510430867432797,0.04696737280967557
2017-06-15,BA,0.40417813925017165,0.06795978354153984
2016-10-31,NVS,-0.03381937700258151,0.07312528877960926
2016-08-02,SRE,-0.8104962406355917,0.04539859695996054
2017-03-08,PCG,0.5180924917102304,0.051559998757531214
2017-06-21,UL,0.2261984983911925,0.01821981455000067
2017-06-06,TM,-0.0724872290754951,0.05350463590042119
2017-08-10,VZ,-0.05421794639550841,0.13902934028511021
2017-06-07,BUD,-0.548643225973481,0.005736835984847692
2017-08-10,AEP,0.17857233461696997,0.044729764361731636
2017-01-24,MCD,0.24957171738128228,-0.008290297856742138
2017-01-27,GOOG,-0.5372063030697254,0.02400030259079247
2017-03-20,PCLN,0.07417869000783714,0.09827865457600383
2016-10-12,GD,0.18844387512462393,0.05638636790536096
2017-07-28,PCG,0.3235382319125088,0.0240646767934269
2017-02-16,GMRE,-0.46513673462344035,0.07118116386263638
2017-08-21,PEP,-0.4653770184193814,0.043156931786175357
2016-08-26,T,0.13230474267752237,0.04293530116346089
2016-08-25,NEE,-0.43166930523151786,0.054781242420731624
2016-08-25,T,-0.0536377182628774,0.03963187048749349
2017-02-07,PPL,0.0395078757178204,0.036849293318219054
2017-04-03,HD,0.21572075743880278,0.04156396204394183
2017-05-18,MO,0.9955059578767342,0.016277488790924013
2016-08-04,LMT,0.36826720703566745,0.011788026065138318
2016-08-22,SLB,-0.22305637321509794,0.058582056713078395
2017-03-21,JNJ,-0.2514749873614478,0.0651214027388802
2016-11-15,CSCO,-1.1758537243527336,0.08659495780865077
2016-11-21,BUD,0.2844272771598985,0.07611930294407133
2017-06-20,GOOG,-0.4963084070449678,0.07067536756019992
2016-10-11,BA,0.2023522643773373,0.07255675592287701
2016-09-08,DHR,-0.5648638673679731,0.044915139116605704
2017-05-23,AMZN,0.4695666173844888,0.09361093996669857
2017-06-07,MMM,0.4819277520608701,0.051677796103273624
2017-02-16,SO,0.915696339128248,0.004797181795249628
2017-08-18,CAT,0.2494907434748407,0.13286670271458967
2016-12-05,PCG,0.48733457710581085,0.14379922853259014
2017-05-17,XOM,0.0730460867220593,0.04254230319815738
2016-08-05,CELG,-0.3739406534907621,0.0901607972575897
2017-07-24,GMRE,0.021516946669269524,0.07584500232829593
2017-05-01,EXC,-0.04082262440280879,0.008782781925220862
2016-12-30,HD,0.03427757813126307,0.06204226253066246
2017-02-23,AMZN,-0.07712734379248506,0.056612729221222555
2017-08-25,XOM,-0.03914176969122914,0.017447813602686962
2017-01-31,PFE,0.4221320449798407,0.021121898457507435
2016-12-28,CAT,-0.03223411161835982,0.04626907777701916
2016-12-16,MSFT,0.29951297180580877,0.07041359443821028
2017-08-18,CHTR,-0.21387800765483775,0.1732250645664406
2016-08-25,UNH,-0.22854077416623425,0.005792561960032402
2017-08-07,PM,-0.19079131517490797,-0.0030379248771158565
2017-04-24,SNY,0.5839819477569635,0.04371379909642653
2017-04-06,ORCL,0.0043308328924175025,0.11175805482860578
2017-01-17,UPS,0.34417652080873284,0.02947172123086396
2016-10-24,D,0.5609811690748691,0.07142215091670069
2017-05-24,MMM,0.6829254394780746,0.04986285287926191
2016-10-10,BP,-0.6485258247923052,0.07145379287823593
2016-08-29,TSM,0.5430820754096113,0.06623397325198359
2017-03-16,BP,0.023502733248033,0.07965063420987763
2016-10-06,PG,-0.22089861077157433,0.11114860789618515
2016-12-20,SNY,0.20481427437033153,0.03037938281006844
2017-04-19,LMT,0.05333504940001936,0.045733336209019454
2016-09-23,INTC,0.2989142455956276,0.13401396945682859
2016-11-23,CVX,0.4084134769994338,0.08052695346772938
2017-08-24,VZ,-0.14125525811256695,0.05692500983619948
2017-04-03,CODI,0.718640648311028,0.0529387691690681
2017-06-27,SO,-0.8181283549663515,0.055048616979655796
2016-11-02,AEP,-0.2517572221885813,0.11021395589751291
2017-05-26,REX,0.6937117795925035,0.09109523301813711
2017-04-05,AMZN,-0.28912110590533546,0.07589345952474018
2017-01-11,NVS,-0.6399432360588848,0.0787971672938411
2017-08-02,PCG,0.18339347432421413,0.016081257670476953
2017-02-22,BAC,0.6256327407042026,0.13418786317128328
2017-06-30,GD,0.38194349229110475,0.033515107318379214
2017-06-16,BUD,-0.10563387000124944,0.009802210820706064
2016-08-08,XOM,-0.007041958261236897,0.006861627595048568
2016-09-27,JPM,0.21706384921902805,0.08882459942273287
2017-06-06,C,1.1713792545427693,0.11511264230194414
2016-12-29,DHR,0.5572363404232286,0.037289681253040746
2016-09-06,V,-0.15569998363465118,0.04782690548475581
2016-09-06,GOOG,-0.5297208470999836,0.011287831682533542
2017-02-01,PFE,0.29462978563350894,0.03395820509113921
2017-04-26,GD,-0.06889036731197781,0.030566028133862
2016-12-28,DIS,0.5820506243336974,0.05030523544859762
2017-01-05,CHL,-0.06201294981978698,0.01958773726732825
2017-01-05,V,0.06894246469483056,0.04572909345146903
2016-09-07,BHP,-0.6949248681162243,0.11074651566179051
2017-01-12,UL,0.1819927702871492,0.031894435603196575
2017-04-28,VZ,0.33694023448902916,0.0359710680481901
2017-03-06,NVS,0.015876687367843815,0.021826386751581828
2016-09-08,TM,-0.4749788935336424,0.08633061760385714
2016-12-06,SLB,0.5103478318283583,0.04518120929018275
2017-08-03,TM,-0.06219293359576865,0.03361215755162805
2017-03-15,BRK-A,-0.6133896315698445,0.0735722418681539
2017-06-21,CHL,-0.07859935866571961,0.019853469377713304
2017-07-07,AMZN,0.46554332652316743,0.1212052269812705
2016-11-11,DUK,-0.21427789222750207,0.1499630450493919
2016-12-19,CAT,0.393048384025721,0.027431419357290737
2016-09-30,SO,-0.8522102443624208,0.06981326238870779
2016-10-05,EXC,0.23514975159820892,0.10662142284569374
2017-02-14,JNJ,0.5358985089177799,0.01592548807265612
2016-09-28,BP,0.6717125061009558,0.07823630046297612
2017-02-03,BUD,0.1098584584112959,0.016118268033098543
2017-08-07,MSFT,0.32605462143764175,0.028057664221203607
2017-07-18,BP,0.04015514301147198,0.037923429477524875
2017-05-12,SLB,0.20452646499805657,-0.017935162400005943
2017-02-07,RDS-B,0.3726703739504612,0.06011475800288346
2017-08-04,NVS,-0.3849935916541547,0.030793422143234425
2017-04-10,C,-0.2922734385633187,0.08700729705764827
2017-04-12,AAPL,0.09006218397334123,0.04554227115397774
2017-07-13,SNP,0.12871447549055723,0.04573595872743105
2017-02-06,CELG,0.05677213540984294,0.04148664460026126
2017-05-16,PTR,0.07562635078483941,-0.01609330256752481
2016-11-17,EXC,0.6805715356180735,0.21106467948427238
2016-10-21,INTC,-0.23465536726728048,0.1408722905712103
2017-08-02,UTX,-0.5304464701179564,0.017598757056613512
2016-10-26,SO,-0.30842831956055966,0.08047620491347075
2016-11-23,PG,-0.19934743745734432,0.09275257869150123
2016-08-11,SRE,0.27292105070403666,0.0415486974139726
2017-07-21,TOT,0.39510493748873055,0.08003384352035693
2016-10-04,PG,0.042964988170929974,0.10873264388994651
2017-03-30,DUK,0.13363301762756832,0.03592954962268355
2016-12-29,TOT,0.20831737566897707,0.07585708241369891
2017-03-28,PG,-0.18818812956298084,0.003463913012782892
2017-06-14,HRG,-0.7124336239955273,0.12291391044558696
2017-08-21,PCG,0.27495779687989513,0.025107847818846868
2017-05-05,PCLN,-0.9187415618871139,0.06999008608407693
2017-06-19,UN,-0.01784750802808983,0.02539459025887847
2017-08-01,D,0.17003736108674547,-0.004497918807796666
2016-09-22,BBL,0.9957728626310398,0.15666960495680715
2017-07-10,BA,0.48820556494111783,0.0797712169692648
2017-06-21,CAT,0.5678729638943874,0.10772754586877135
2017-08-03,BA,-0.3370116964362696,0.19095205797266857
2017-08-24,T,-0.11711558774723203,0.027761571474504226
2017-03-01,BRK-A,-0.277313792704467,0.02170954611830725
2017-08-17,V,0.20644783060150554,0.13118324377153462
2016-08-25,NVS,-0.32442827724441825,0.03947634788407675
2017-01-05,RDS-B,-0.1826810986527608,0.0383644996915113
2016-09-16,CHL,0.2766298545772588,0.05526257667631207
2017-01-13,C,-1.3707582701945333,0.0664901412063393
2017-02-09,HD,0.4039359214841731,0.04189203023224025
2017-06-30,WFC,0.06486567750343955,0.08462074152933803
2016-08-05,CHTR,1.9333663147806264,0.02278681945851206
2016-09-13,WFC,-0.1710870629065712,0.1301041407308609
2016-10-31,BABA,-0.4656008120737642,0.046557944775451124
2016-11-04,BBL,2.4891565530900275,0.11398424210771192
2017-05-17,PTR,0.19956224582501295,0.0030376849792269414
2016-11-21,DHR,-0.022736131714364106,0.09025657725759974
2017-08-17,EXC,0.38979480826281165,0.05512157592375619
2017-04-28,AAPL,0.725964693848662,0.004943496476631823
2017-06-26,IEP,-0.41142499620953854,0.060022379165883044
2016-11-17,DIS,-0.11100642555549325,0.06210059811933075
2017-01-19,GOOG,0.7337193656172634,0.04053665797981272
2017-08-07,DUK,-0.03248613760276111,0.0027508125077813778
2017-07-10,NGG,0.30699459961765063,0.046246217962553876
2017-03-02,FB,0.21527626028048802,0.022050121096275965
2016-12-23,T,0.13527607534097402,0.07489561641894486
2017-03-09,VZ,0.3060875483100757,0.028185503144209006
2017-08-04,ORCL,-0.7006814272613009,0.02538969446094827
2017-01-04,BUD,-0.013309396727364687,0.028035511733949678
2016-08-24,HSBC,0.7839814836073614,0.1154376440427803
2017-07-27,MSFT,-0.2780323111597557,0.0854058066976728
2017-04-27,CODI,-0.4819480973370542,0.04760010831324088
2017-03-06,XOM,-0.3433892865301601,0.031238233578182048
2016-09-20,BUD,0.9312676087292624,0.0922502582582004
2016-08-30,PCLN,0.3839920010527668,0.07808879041827925
2017-08-09,HON,-0.035794282158842596,0.053396856310009
2016-09-13,TSM,0.9661073340032218,0.1539273794847869
2016-12-07,CHL,-0.8339940900175131,0.01348647537575215
2017-05-23,T,0.11452342545822818,0.03839506232680509
2017-02-13,WFC,0.4058044342346223,0.12391076053935697
2016-12-08,AEP,0.6313377907708679,0.1253915770112881
2016-11-04,ABB,0.9384218685356709,0.14215878888268374
2016-11-08,BSAC,-0.41292855819184,0.10899610834449582
2016-10-20,SNY,-0.4354923143020189,0.038989150046011625
2017-01-18,GD,-0.07628648075824214,0.03619336900459981
2016-10-05,NVS,-0.7100410483079956,0.07880240295305109
2016-12-13,UPS,-0.4443129515303738,0.0157197649497859
2017-03-31,IEP,-0.49795287964125484,0.01073840890083877
2016-12-07,PTR,0.9954463063288465,0.07792454302842312
2016-08-23,VZ,-0.13727265000900066,0.031602316932504204
2017-05-30,AMZN,0.12601907897588047,0.06049520021189596
2017-06-09,MA,-0.1763278769833064,0.09162208713402796
2017-04-25,FB,0.840835413883075,0.03699821730854953
2016-12-06,CAT,0.16732861921836956,0.06685781162361897
2017-04-17,UL,0.29008556139044384,0.01618166428125667
2016-10-19,PCG,0.00985086387735296,0.09279140943973029
2017-02-01,NVS,0.31888306935456234,0.060510854151616555
2017-04-06,JNJ,-0.009599441091487415,0.022646586431603874
2016-09-28,CODI,0.21921393850871135,0.020992887412509945
2017-06-16,FB,0.5796759061281372,0.04524800865568368
2017-06-23,BHP,0.8201866120346493,0.06330426876967252
2017-07-26,CMCSA,0.33266897688299346,0.044297342162717676
2016-12-16,UN,0.35653534181273805,0.06106931261462992
2017-01-20,AEP,0.019066260379928,0.04124767945061937
2016-10-03,PICO,-1.2643283184772742,0.2139557480972462
2016-12-22,SLB,-0.5706957715077006,0.054330764317823105
2016-10-07,ABB,-0.33733491376013147,0.05507593236742546
2016-12-07,PEP,0.3203440386906029,0.11072518168044844
2016-11-16,PFE,-0.34080907341373157,0.04860187709272648
2017-02-23,AAPL,0.3528361782539033,0.11072507741703787
2017-02-21,MSFT,-0.1587927855544044,0.01864668282240234
2017-07-03,SPLP,0.3217216912026736,0.06707359166214717
2016-08-31,BSAC,0.15996418924640926,0.06219597215506807
2017-05-19,PM,0.8681069406794283,0.04823978057640438
2016-08-08,CHTR,1.9068179619536043,0.015704916348771955
2017-05-10,BCH,0.2933127539465216,0.04715183150156503
2016-10-03,EXC,-0.1654681807491783,0.10450964653807167
2017-04-27,RDS-B,0.0443368575836878,0.05190532624911444
2017-02-02,PEP,0.36953395695738867,0.017077990593275902
2016-08-18,BHP,-0.09867436752557364,0.09964640349846378
2016-12-29,PG,0.16058638054437777,0.004129313098508433
2016-11-03,CAT,2.792990521018768,0.05771952460255601
2016-10-18,MDT,-0.2602139806016668,0.04897587793106968
2017-07-12,D,0.10419290236436143,0.045722644296276246
2017-07-11,CHL,0.5057787774754173,0.01602537209072745
2016-08-12,CHTR,-0.46867592065039376,0.13774031833905215
2016-10-03,RDS-B,0.8830067006150566,0.08955081676098121
2017-06-23,PPL,-0.08775442939914109,0.03312683424615423
2017-05-22,LMT,0.3484448012723151,0.03941622505002029
2017-02-17,KO,0.2123057988352813,0.005793229948397684
2016-11-08,MCD,0.7245980818954192,0.024244240328193403
2017-03-03,JNJ,0.3872121548897617,0.018850330993915712
2016-12-19,GOOG,-0.06684600894075379,0.06270534582800347
2017-04-04,FB,-0.25705989079344843,0.036328567817015406
2016-09-19,UNH,0.29416958249893527,0.06367371535321957
2016-09-22,SNP,0.33703446351299615,0.10474728966378517
2016-08-24,ABBV,-0.2973127820935417,0.04596640481591582
2016-08-23,LMT,-0.7067775041488685,0.030870496698289257
2016-12-15,CHL,-0.11019192495286863,-0.006682721625166706
2016-08-19,ABBV,-0.7562959458839342,0.04638636402344211
2017-05-05,AMZN,0.5740294211160111,0.06355938351451638
2016-12-29,MCD,-0.33341023819184823,0.0011880193752893675
2017-07-17,RDS-B,0.06586196384977706,0.026703554855456543
2017-03-31,NVS,-0.14865829843164202,0.043408540203383666
2016-12-02,HSBC,1.4338728554031017,0.028952190873003644
2017-06-06,WFC,0.9939927866222886,0.057765020942604633
2017-04-04,SPLP,-0.26281587122116773,0.06327334164983449
2017-04-07,NGG,0.4538581975607401,0.04760133393541137
2017-02-07,MDT,0.24287069835573732,0.049851944848409616
2016-10-18,FB,0.5704574403805946,0.049464884063922895
2016-11-22,CHL,0.18738124469991657,0.028626778793581303
2017-05-15,BHP,0.655795354083381,0.045325221429995455
2017-03-15,BHP,-0.47449860471132954,0.09198116108197661
2017-07-13,UPS,0.25386821264933446,0.04316097837012742
2017-08-22,MMM,-0.1340858885425996,0.06270364311511403
2017-03-08,ORCL,0.20546335146171063,0.0316269661834072
2017-01-04,EXC,-0.05643383589144069,0.05151930438928458
2017-02-27,MA,0.14238869492854786,0.04510746259658206
2017-02-24,D,0.08082443402924208,0.037514614510407454
2016-10-26,GD,-0.19547397953178147,0.06516502011166653
2017-04-03,MSFT,-0.006103875822598049,0.05473619459326842
2017-02-27,PTR,-0.29812204890825666,0.06844661244873461
2016-12-02,PM,0.48454623313293094,0.13623048745101723
2016-10-07,REX,-0.574683600282836,0.08581271318209947
2017-04-12,NVS,-0.1056695506415899,0.04708831385936864
2017-05-11,AMZN,0.2281109258522848,0.06977920815645315
2017-03-13,MCD,0.18253573593126765,-0.005213787994239015
2017-04-05,HSBC,0.14207001496589564,0.05017724076654144
2017-02-23,PICO,-2.042810365310288e-15,0.029148765091620482
2017-06-07,GOOG,-0.6249924474236914,0.049219392907548065
2016-09-13,CVX,-0.3510460319409826,0.10906707489465926
2016-10-10,HD,-0.33441115324788273,0.05983456842950177
2016-12-05,SNP,0.12043899269503636,0.06180271359271977
2016-10-19,CHL,-0.6462528055916349,0.0455213841511497
2016-12-23,MA,0.1294621709251195,0.09159757765252617
2016-10-06,PPL,0.305347401041443,0.12454302268432706
2017-07-17,DIS,0.4174095486432138,0.03879302939007241
2017-03-31,HSBC,-0.122866909004432,0.06336714638549228
2017-01-24,BRK-A,0.4140458395111614,0.03126282912444739
2016-11-01,MDT,0.8279039584942101,0.05357992414642111
2017-04-17,MA,0.5307492333340085,0.08525042776463661
2016-09-27,PCG,-1.1688419579641909,0.07510087616216544
2017-07-10,AAPL,0.6110032219200694,0.053854055424672045
2017-03-22,MA,0.109166784128674,0.07593733785573926
2017-01-31,SPLP,0.057060240046960434,0.10541135795536209
2017-08-18,VZ,0.4109311355590076,0.1501807115747787
2016-11-07,HSBC,0.5888052765651618,0.08048233783702212
2016-09-20,CVX,0.26032477323962605,0.08235330780703069
2016-08-25,MSFT,-0.2004169103145205,0.053238494250241006
2017-04-07,AEP,0.1243909011675012,0.026081644293361586
2016-11-28,SRE,-0.4676481480928743,0.16799953523854938
2017-05-08,WFC,-0.6349754067243794,0.09148094387583118
2016-12-14,PICO,1.5075627235124653,0.11404364019394887
2016-12-19,LMT,-0.10496187996840448,-0.0063932195634761185
2017-03-03,HON,0.13109628564000952,0.04869636564567707
2016-09-12,DUK,0.2954837971884292,0.09250634659698363
2017-01-30,UNH,-0.19590962935621845,0.024218034190462187
2016-12-08,PG,0.28065549713556665,0.06697761673286398
2017-08-21,FB,-0.06447310144890339,0.09878210315605936
2017-04-05,CHTR,0.15482656602492226,0.03298172714367609
2016-11-16,TSM,0.020083433335205937,0.19113499068762752
2017-04-19,BBL,0.42025078733895105,0.10812417066377854
2016-08-10,REX,1.3760987147321746,0.08714026184034092
2016-08-17,WFC,0.008228086046707096,0.008928003363393666
2016-08-09,UPS,0.17032714538835086,-0.0002688616238990735
2017-06-02,UN,-0.5517350126682274,0.03211222842755736
2017-04-12,TSM,-0.30592056519391236,0.07084098585563463
2016-10-17,PPL,0.2823320454612713,0.08212326680125019
2017-04-06,BP,0.14916988935927913,0.053606083745322886
2017-01-12,GE,-0.5555901692863813,0.04547038495837413
2016-09-07,PICO,-1.0404236950175674,0.09067179390676146
2017-03-15,AGFS,0.8616717227262303,0.22394373020886088
2017-07-06,PCLN,0.7176211938060245,0.0936161026178615
2017-08-07,KO,0.06999132405616153,-0.006213336678791301
2017-05-23,SPLP,0.1072399323463927,-0.011445251008512007
2016-12-28,CMCSA,-0.006721193359038669,0.027648902328539463
2017-04-13,HRG,-0.05113682021002143,0.05637075520854094
2017-06-13,CELG,1.0741269476587825,0.040488258194624635
2017-04-24,HD,0.3031782068229604,0.033016401668941625
2016-12-09,JNJ,0.634750369341263,0.016430700231039444
2017-05-24,BUD,-0.1966944196499986,0.09925669440839034
2017-05-30,CMCSA,0.29945075841727775,0.08781548218569364
2017-03-07,AEP,-0.13633224862840007,0.009123984638300386
2017-07-03,CHL,-0.3814738718046228,0.03302516859225088
2016-10-20,CVX,-0.3865504931757475,0.06251265325828541
2017-03-07,BP,-0.2615202612924731,0.04542311932001791
2016-12-08,MSFT,0.5081606728371477,0.12467924898769876
2017-08-04,UTX,-0.7719720283509416,0.019228596996797215
2017-01-26,UL,0.31836017410408596,0.07687934259933264
2017-01-23,UTX,-0.21320272747245025,0.05229399407139054
2017-08-22,HD,0.10858226347386357,0.07104608461367216
2016-10-25,NVS,-0.3556130573319432,0.07154141886874328
2017-01-20,KO,0.06282681742014831,0.02108629534712099
2016-11-04,BABA,-0.9615626027488382,0.05489781484403751
2017-01-13,SO,0.012293133748949903,0.018116177132897468
2017-06-08,PTR,-0.4410750170181016,-0.0015441252879818124
2016-08-15,LMT,-0.9450581760991508,0.012363266162016204
2016-08-19,CODI,-0.011692463414364163,0.024603880854183205
2016-08-04,INTC,0.05775133406290285,0.07539091228412863
2017-08-04,SRE,-0.27148199999625083,0.024126985145542734
2017-04-21,CELG,0.29069586724894964,0.052627068370159416
2017-06-21,MMM,-0.21158347674473482,0.06925782096625613
2017-01-26,V,-0.2271350639852956,0.04835374277997295
2017-08-21,MA,0.28745051679057454,0.1093005887551707
2017-03-23,SNY,0.15219542963483454,0.04404955057940943
2017-05-17,SO,0.29594781661366787,0.02307033561012327
2016-09-21,SNY,0.15055035859728944,0.04949445924069909
2016-11-03,BAC,2.5915894196235016,0.1414344883918534
2016-08-19,HON,0.10993792713680135,0.021810869259081114
2017-01-13,CHL,0.30232717109718854,0.042365349322999096
2016-10-05,SNY,-0.31891942656161054,0.03696722786847097
2017-04-17,BABA,0.5472054259640958,0.07802627767089602
2017-05-05,CMCSA,-0.015386046004082155,0.03693176190815342
2017-01-20,NGG,-0.15489125775164528,0.040986215359196235
2016-12-02,SO,0.4984425312221286,0.1076906692728918
2016-10-26,JPM,-0.13061125959218545,0.0741199286066516
2016-08-24,MA,0.2289782638865298,0.07623473162685764
2017-01-24,D,0.21351095911967155,0.019424940609365254
2017-08-18,UNH,0.3676300535061755,0.04157781292202245
2017-02-16,PEP,0.3138395305315415,0.01452865631808542
2017-02-17,ORCL,0.30203560519395306,0.013988476967018534
2017-03-21,SO,-0.3640037274287932,0.02656553013456814
2017-02-02,SLB,-0.30064758111615314,0.058533300693805204
2016-08-25,AEP,-0.5995241030588991,0.06865425329438193
2016-12-23,HON,-0.13895654274335612,0.07033494959452975
2017-03-23,SNP,0.9109955404503506,0.08763999097360907
2016-12-28,GD,0.3539714437200855,0.0432636639713523
2017-07-28,GOOG,-0.2903518064072103,0.04459037013904249
2016-11-01,CHTR,0.9919390244245735,0.06170651530210672
2016-09-29,FB,0.10123589694870758,0.0701510316451271
2017-05-30,NVS,0.3227259875558675,0.05546204290378701
2017-05-16,DIS,-0.17860731114640807,0.008856808692358747
2017-06-16,MA,0.3333828614948321,0.06376229285901497
2016-11-14,CHTR,0.072831501603728,0.13606102244730217
2016-09-21,DHR,0.07608036263725705,0.05508101653356118
2016-12-21,PTR,-0.5031207453287739,0.15564411528337774
2017-02-02,LMT,0.4884886027008088,0.02398405937968294
2017-02-16,CMCSA,-0.055346598908112624,0.04326812152038445
2017-06-05,PM,-0.46448142361949996,0.031185635587847302
2017-06-28,BP,-0.4762818369771348,0.059657335749213974
2016-09-12,SPLP,-0.15230314254451563,-0.011163928520803244
2016-12-30,AMGN,1.6570665929613368,0.0611002542946274
2017-05-22,PPL,0.36447263141607245,0.025529973615744203
2017-02-15,ABBV,0.09385981103056297,-0.016774386197137302
2017-05-31,BA,0.05003538009574804,0.08299733731626353
2016-11-30,EXC,0.6178597087104506,0.22945047250458916
2017-01-17,PCLN,0.29902603505911707,0.0453354379112636
2017-01-06,ABBV,-0.3716815718379666,0.032205251338344856
2016-11-22,PCG,-0.17609346562905995,0.15290325086713275
2017-04-03,VZ,-0.024752768055816127,0.02103827492484331
2017-05-24,MO,0.6880956610796113,0.014122411189493991
2017-02-15,GE,-0.059765076462395664,0.03167664241935718
2017-07-14,WMT,-0.0498374161410836,0.034395710436414234
2017-01-11,DIS,-0.39868577335186506,0.044184712202333484
2016-12-28,AMZN,0.21435511348110897,0.08083321156558422
2016-10-07,T,0.1792825458113559,0.08020092359903387
2017-01-12,DHR,-0.18786670125062904,0.06322048823454687
2017-01-30,BUD,0.09928519706589027,0.02971085646235709
2016-08-22,TM,-0.03984833128046641,0.12558411307739475
2016-08-05,UN,0.4217098529617839,0.009211384305303785
2017-05-08,TM,-0.6981314321212275,0.08796844299058111
2016-10-27,BBL,-0.3081104799624596,0.09939718939862059
2016-10-11,MDT,0.08396140465836896,0.07148881705798742
2017-04-13,RDS-B,-0.5875199595594038,0.06921211888433947
2017-08-24,CHTR,0.47274870785004186,0.1317632818011234
2017-05-26,PCLN,0.2948271155803834,0.061048711635388275
2017-08-01,WFC,-0.36843147827304623,0.02473790554214768
2016-08-10,FB,-0.08184468793784343,0.058732181947032405
2017-05-18,PTR,0.058795545177082895,-0.003412952625043507
2016-10-19,TSM,0.1479347926122736,0.13473815495315122
2017-02-15,D,1.0181302949832536,0.057441294006812846
2016-12-30,PPL,0.0996059749173606,0.011323094267345221
2016-11-08,HSBC,0.8018431742043477,0.08264536865421719
2017-06-02,UNH,0.2294614375816611,0.06395822616048519
2016-09-14,AGFS,-1.1653781624795168,0.1610372236612424
2016-12-23,FB,-0.07004594414886918,0.062412035414135175
2017-08-21,AMGN,0.4259730320233803,0.03588470924693285
2017-04-20,BUD,0.567543592239947,0.05114493470934103
2017-08-04,PFE,-0.23322076552735255,0.019431385644534505
2017-01-10,MA,0.24817358457554944,0.0894749896285915
2017-08-14,TSM,-0.03887214938639803,0.09077163040384796
2017-06-07,AAPL,-1.3594552577331238,0.0306991208692724
2017-06-29,MA,0.14971296721553756,0.1528377530695949
2016-08-15,NEE,-0.04473532318768564,0.06062615310047846
2016-09-02,CHL,-0.038811135542888696,0.036068888936141755
2017-04-26,DIS,-0.6972532604150153,0.022422077491757633
2016-10-07,AGFS,-1.2383064616195933,0.06409932143348802
2017-01-06,IEP,-0.5144355109787491,0.14873706834956935
2017-06-21,SLB,-0.0673201403470396,0.0638366203188804
2016-11-22,JNJ,-0.257097168907409,0.06694703085405007
2016-08-29,HRG,0.13593009185392937,0.097545191949603
2016-08-10,PPL,-0.36975484982806883,0.048391071660461804
2016-10-25,PCLN,-0.16333975890410843,0.04758944073468045
2017-08-14,VZ,-0.2641392141077878,0.14057386658284338
2016-08-23,AEP,-0.600350572616976,0.06950391717100039
2016-12-14,BP,0.41759608608716914,0.07566209335502326
2017-06-02,HRG,-0.7665350213573268,0.10148377758166226
2017-05-05,CELG,-0.511342782358834,0.0224787423370255
2017-06-26,BCH,0.043698494345970715,0.05526995880674211
2016-08-01,AMZN,-0.030763012236847402,0.036496374167548154
2016-11-23,RDS-B,0.6935388305772845,0.09220613315373109
2016-11-11,NGG,-0.8142321697094979,0.11057244342193569
2017-05-25,D,0.24397885499523678,0.02108818204312679
2017-01-13,CVX,-0.17085874779902646,0.015002491727725525
2016-11-14,MDT,0.4594448121433423,0.08926031994776674
2016-12-23,BUD,0.20189554169065999,0.056728922881081376
2016-09-12,MO,-0.4227939076274597,0.06462134335452513
2017-04-12,BA,0.36584736467877377,0.07729889645521977
2016-12-16,PPL,-0.1973313512930671,0.042400240420959204
2017-03-02,PG,-0.1257948221970702,0.017690626366565904
2017-08-08,BAC,-0.3483995764048661,0.07227389024100851
2017-06-12,TM,-0.33152547868094495,0.05582564558381496
2016-09-07,T,-0.68020667738405,0.021928788783634495
2017-03-23,ABBV,-0.05796744376698926,0.07426635798111801
2016-09-22,FB,-0.30833101119305467,0.06515459600493582
2017-05-18,XOM,-2.864375403532904e-15,0.04443050261724504
2017-05-30,CSCO,-0.07590254115376165,0.07373660721196394
2017-03-01,SPLP,0.05657825395302525,-0.0029886766775571796
2017-06-27,AEP,-0.5446810951033993,0.08310899782242369
2016-10-10,GMRE,0.12725668540708895,0.05670460884971511
2017-04-04,CAT,0.6212926522624465,0.1003730260054224
2017-06-26,TSM,-0.7041989025375093,0.11574461755291655
2017-02-08,BCH,0.24882905093095045,0.041905313753666365
2017-05-11,PG,-0.06975042444868418,0.021972739284456935
2016-08-24,BAC,1.0315269674223047,0.09341973524210136
2017-06-05,C,0.9781350785653549,0.11582983488520653
2017-04-25,T,-0.5019919533142911,0.007518472791363438
2017-03-15,PPL,0.397112997616141,-0.005727936149888632
2017-04-11,GOOG,0.35774674956604435,0.03278960232951868
2016-10-25,WFC,0.1177619454340173,0.0515135145366689
2016-12-14,CMCSA,0.23003826311792075,0.03748785829474993
2017-02-28,LMT,0.1837159523972829,0.03515724280121778
2016-08-23,BSAC,-0.15847203931732834,0.08216201022853221
2017-02-10,AAPL,0.537667561389241,0.09993074947160814
2016-11-08,MMM,0.37189674451872934,0.06348867766905109
2016-12-29,AAPL,0.20116183951437802,0.05447461056224488
2016-08-23,KO,-0.2801751838156802,0.06477630191866234
2016-10-17,T,-1.2666805426176864,0.06966913319779379
2016-09-21,D,-0.2385507020158902,0.07990786267952478
2016-08-04,CELG,-0.42769346315707824,0.09528408402964887
2017-08-21,MSFT,0.1876134550225427,0.08211640221236279
2017-06-13,UL,0.04788738651501197,0.03495588857550515
2016-09-27,TOT,0.8110348841229629,0.13596774796732908
2017-08-02,DUK,0.10701332462183429,0.0010069106043949089
2017-03-20,V,-0.0516498488373224,0.03111452062286485
2016-12-27,SPLP,0.193737892580398,0.07152715133741681
2017-02-24,NVS,0.36010772073424374,0.027365829827160473
2017-01-12,GOOG,-0.03326255271142522,0.0650655774575144
2016-12-13,BBL,-1.265980596135557,0.10197782998164125
2016-12-01,HSBC,1.4626417357529529,0.027775001602496796
2017-02-06,C,0.4494561073206869,0.08152492036078592
2017-07-26,GOOG,-0.37079255337944445,0.061632936244403164
2017-06-13,CVX,-0.307538646963717,0.059154383378042866
2016-08-18,AMZN,-0.13756357457395962,0.03428446734803671
2017-08-22,C,0.18760057010316145,0.08316750885575837
2017-08-11,MDT,-0.0718035703312173,0.020109281701716303
2016-10-19,MMM,-0.4042705270326838,0.0695652495992113
2017-01-24,CSCO,0.0782769882506518,0.034442150910844294
2017-05-09,T,-0.015706143996184994,0.025759201600319137
2017-07-11,GD,0.15049970027685602,0.04746379548811269
2016-12-12,XOM,-0.12348597508354482,-0.005061619531257583
2017-08-18,AEP,0.3870280551486781,0.07102631031862348
2017-07-31,PG,0.13607031378031909,0.03537841046942798
2017-04-06,IEP,-0.7763992438742189,0.001439125644498114
2017-05-19,SNP,0.2537558457501511,0.04270148444697899
2017-01-30,AMZN,-0.5553400021939199,0.06727111901978478
2016-08-09,T,-0.5268399987503796,0.06239174775500449
2017-03-27,NEE,-0.3664193653742116,0.026610735445741163
2016-10-17,CHL,-0.3249347879260472,0.05581431114018977
2017-01-04,MSFT,0.28369315977631226,0.060605574595863826
2016-10-24,BSAC,1.0696793830096496,0.053662970358725595
2017-05-02,TM,-0.1433169220853298,0.07675314515595062
2017-08-21,CMCSA,-0.22677048748491982,0.08887492631976861
2017-03-27,HON,-0.027328367735270954,0.07611158928033894
2016-12-29,INTC,-0.09844181011258747,0.09501415275223686
2017-01-31,AMZN,-0.2684664850008598,0.058128866930329384
2016-10-31,ABB,0.23110411681584203,0.11170104709820251
2016-08-22,BUD,0.14138717352340463,0.11963733868571079
2016-11-10,UNH,0.6251767197909645,0.08682559996584756
2017-08-22,TOT,0.2993547878233026,0.07175830393547776
2017-04-03,PFE,-0.11716761479268858,0.07137838401107989
2017-02-14,DHR,0.1657807524031618,0.06053743256787299
2016-08-24,JNJ,0.10586143491097577,0.009101410597583778
2017-01-10,AEP,0.42683555468236545,0.06259191101797791
2017-05-26,HRG,1.1282363809904987,0.0928470283015327
2017-04-07,NEE,0.30480782480514707,0.008363283259526455
2016-11-22,WMT,0.08822438708236482,0.02538327463157157
2017-04-28,T,-0.547417667588556,0.016767392910072176
2016-09-14,MSFT,0.5262516531750578,0.10433189255398563
2017-05-05,AEP,0.07064989620804829,0.017760644746131107
2017-07-14,CSCO,0.2655745629741436,0.05241112331851458
2017-05-10,WFC,-0.927615980033355,0.10031963835670042
2016-08-08,SO,-0.24783080278926312,0.06761060202696251
2017-06-05,BRK-A,0.46651650606993567,0.052571462898616556
2017-07-06,V,0.5687791085224883,0.12095898415711649
2017-02-14,IEP,-0.2710427086008065,0.013377680644679951
2016-10-10,CVX,-0.5103984252842138,0.05350017134178518
2016-09-29,NGG,-1.1910844344646052,0.07622461298601964
2016-12-27,CELG,0.10656852673634214,0.05687096469844692
2017-01-17,CAT,0.7279676262528303,0.06915587222066626
2017-07-13,HSBC,-0.10365966028699239,0.10598253364355141
2017-08-01,PM,-0.20993452806878352,0.01822561861431761
2017-08-22,PG,-0.10156166764643415,0.04067489924129081
2017-03-24,CELG,0.16948618642343655,0.09698153459726915
2017-04-25,AAPL,0.4081780441538602,0.023405909788195775
2016-10-06,XOM,-0.11060020770179875,0.07514701356895427
2017-03-31,MSFT,-0.054736038709923204,0.059511659884879595
2017-08-09,PPL,0.23181252040375083,0.024800834567749105
2017-04-25,REX,0.539184050615332,0.13144543590602797
2016-09-27,CMCSA,-0.019948625708760714,0.06531996234500427
2017-05-08,DIS,-0.4153395092385275,0.021698603082776644
2016-09-28,NEE,-1.2966736996991381,0.08003419504372623
2016-11-14,CHL,-0.0221849963245457,0.026547248353443575
2016-12-20,JNJ,-0.0970713397326718,0.04428666835405311
2016-08-29,SRE,0.2542257467065757,0.06932376832348093
2016-10-27,BSAC,0.5102071166879256,0.08245137605144427
2017-01-17,V,0.4790789120935356,0.059634407991479677
2016-08-23,WFC,0.892804707198439,0.02006905085190358
2017-08-11,PTR,-0.6735719925358162,0.07400294299904144
2017-04-13,D,0.0025809003644343574,0.028622865397988445
2017-02-03,AGFS,-0.5861225317099883,0.17175768344071307
2017-03-10,MSFT,-0.01848971172418693,0.011556618735476046
2017-01-30,AMGN,1.514693999936144,0.1028233002293759
2017-01-23,BSAC,-0.19314906175964594,0.03072795943845974
2017-06-23,NEE,-0.42505255525764535,0.03898931111507102
2016-11-28,PEP,-0.2614501252057973,0.10286381129425033
2017-06-22,MCD,-0.21693329195730002,0.028338854828134655
2016-12-19,MRK,-0.446559096917725,0.03668623310509475
2017-08-10,DHR,0.4045089072231126,0.058776248467849415
2016-11-15,V,0.385270045195656,0.1394563697961786
2016-08-19,BAC,0.7353279404067804,0.079606133113468
2017-05-19,XOM,-0.09297739040387995,0.023582373946539212
2017-02-28,AMGN,0.09607109192778766,0.08736875902501327
2017-07-27,KO,-0.19610180627616242,0.024161754240725405
2017-05-15,JNJ,0.04247902649523697,0.024690132759323954
2017-08-02,AAPL,0.4927963362336817,0.06283563253372294
2016-12-19,BUD,0.23034278521989196,0.05042689777642989
2017-03-16,PTR,0.013403722187301076,0.04541588322645418
2017-04-05,EXC,0.0719717718587932,0.010251650634390319
2016-12-06,BBL,0.4349297925915908,0.13437182025654754
2016-11-23,BP,0.567455429350848,0.03964327146224206
2017-08-25,CELG,1.442684568702616,0.05825962561412011
2016-09-08,CSCO,-0.10194486039393982,0.073534107850028
2017-08-09,SO,0.05723695689356269,0.03773399051419159
2016-12-09,CSCO,0.3495563971730221,0.057091823304633374
2017-02-17,AAPL,0.17751657042546637,0.09948978470705765
2017-02-03,BAC,-0.18115241233009302,0.12766140318441305
2017-04-03,WMT,0.33957437579033223,0.016936042803780305
2016-08-10,BBL,0.5985838910091894,0.12218797537983205
2017-02-03,SNP,0.03250194970258331,0.10632424296267724
2017-04-06,SO,-0.28529046938205904,0.004468474792020415
2016-11-09,INTC,0.05173261860227063,0.1087557448669894
2016-09-30,ABBV,-0.04444512778656084,0.046161579357371946
2017-07-18,DUK,-0.09047785360482134,0.06272964033140647
2017-06-22,GE,-0.3885033353845908,0.09304321575023768
2017-04-13,CMCSA,0.5418680311741697,0.07791605880619189
2017-01-04,MRK,0.4927973885096467,0.022979597628088003
2017-05-26,UTX,-0.14331038808596994,0.049204678797723056
2017-02-03,VZ,0.16400106082223231,0.010066970282057872
2017-04-04,AMZN,-0.09882966611402362,0.07441879854333773
2017-05-16,PCLN,-0.020341611655666465,0.056439689469053506
2017-05-23,SNY,0.2108270079846107,0.07915312613254548
2017-02-15,REX,-0.3696441512115361,0.01939641592184349
2016-10-06,CHL,-0.6572841925421343,0.043193734605311784
2017-02-02,TM,-0.461049523819395,0.029819618788111374
2017-01-31,PEP,0.349596849015974,0.0023148933409756905
2016-10-20,PG,0.38483219509644695,0.08312124706473471
2017-06-22,PTR,-0.11973274074142451,0.025327394084004223
2017-07-05,HRG,-0.2050143294865317,0.04687286922146429
2017-03-01,BA,-0.2373867371123059,0.07122500595143126
2017-05-12,BUD,-0.3060940959872564,0.12953994741857489
2017-07-03,ABB,-0.016082027404523434,0.07780824608257918
2017-03-16,RDS-B,0.02515439091222167,0.06189963538644522
2016-10-14,C,0.39113093004265137,0.0976891087396425
2017-07-20,MMM,-1.2027851747840559,0.058694990423520624
2017-04-04,UTX,0.026533424417209468,0.061776490843799825
2016-09-28,AEP,-0.9975412440791042,0.07055180801212511
2017-02-17,SLB,0.10141598551581983,0.016046176222605263
2017-01-10,AAPL,0.14721938112625294,0.031345201301038655
2017-08-08,CHTR,0.4053580566351626,0.13904131937774633
2016-09-12,TM,-0.8972710309926436,0.12101422205955516
2017-01-27,KO,0.04337952299647048,0.017863307793498956
2017-02-10,DHR,0.01666386438644816,0.06704344410661925
2017-04-17,CAT,0.7247869337095469,0.14113383021991732
2016-10-17,PCLN,0.4695264407483628,0.036269524375733914
2016-08-05,BABA,2.993984834407236,0.055522249225421386
2016-11-17,PFE,-0.025228227522471447,0.04384558489923915
2017-06-14,MA,0.09772021319291421,0.09726132200068201
2017-07-12,EXC,0.7188365574948795,0.06816630379535726
2017-07-27,MO,-2.4172746893915145,0.003507763544269425
2016-11-02,NEE,-1.0268867515096407,0.12389233878158167
2016-07-29,BUD,-0.8829277473136227,0.05362547049476153
2017-01-09,INTC,0.10352953481980161,0.0625335485097034
2017-04-18,ORCL,0.08964675664653617,0.03339530295396932
2017-08-03,SLB,-1.152483456297859,0.03407339245831785
2016-09-02,AMZN,-0.024612828944844532,0.040991239954527095
2016-12-27,PEP,-0.05333600275555912,0.046073859504893566
2017-02-17,JPM,0.044280399090780395,0.09887768585393815
2016-11-21,AMZN,-0.4533031161808309,0.16730823880150625
2016-08-01,FB,0.15226326698484308,0.053774903626506845
2017-03-01,ABBV,0.4127098525197092,-0.031321060207179285
2017-05-02,ABBV,-0.13855476808025075,0.037119623236044966
2016-11-22,EXC,0.030782077846283597,0.20719868908551015
2017-08-25,GE,0.5239058484155336,0.028067731126652062
2017-03-20,LMT,-0.3612931277334932,0.04450344935377107
2017-04-18,HON,0.9860128237385067,0.0652494404621371
2017-06-05,WMT,-0.2558033045953445,0.049055481090304706
2016-12-13,CHL,-0.2602583411294161,-0.01702608598946522
2016-09-15,REX,-0.19776594105295636,0.22830307013335605
2017-03-27,UN,-0.39115224005284877,0.04360089227406336
2016-11-15,SRE,0.6368421945657324,0.1851261373476782
2016-08-18,SNP,-0.42287128875141045,0.03637394819537863
2017-08-17,AEP,0.3824310783016341,0.08231517911036461
2017-06-27,PG,-0.21329979012200004,0.06576436313289828
2017-07-20,C,0.3702676450816233,0.04893302970759296
2017-07-06,ABB,0.13657494600101633,0.08190628934778414
2017-08-22,CSCO,0.13386504158905238,0.09465272306314822
2017-01-04,PFE,-0.2782871331264998,0.046441469421022674
2017-04-11,NGG,-0.05920421781626013,0.046148657911268834
2016-10-17,D,0.07948398920911594,0.06205721066163328
2017-03-20,CODI,-0.182651688986055,0.03682775104533367
2017-05-02,XOM,0.06327427100923551,0.045154980436810835
2017-02-28,CMCSA,3.5388358909926865e-16,0.01663945560723211
2017-06-28,D,-0.3482458432335963,0.04373439203085648
2016-11-30,ABBV,-0.26823749775039807,0.11769533063746064
2017-04-20,PCG,0.038680277695829754,0.02830869966471218
2017-07-20,BAC,0.14152078544314758,0.06635740219260727
2017-02-22,LMT,0.32148124111745807,0.011514123909726517
2017-08-14,MRK,-0.22464838425062195,0.031685660633576126
2017-06-09,CMCSA,0.2879148257215851,0.08083353812298939
2017-08-03,CMCSA,0.5122741755651952,0.037145875607857023
2017-05-18,PPL,0.5591219080680776,0.023147947164690486
2016-11-10,XOM,-0.4225834983783054,0.022117258322683006
2016-11-21,BP,-0.5182847398562359,0.039484325991454544
2017-02-17,EXC,0.5488898584292242,0.03518367799394674
2016-07-29,PG,0.044350616244287176,0.021346978693510918
2016-08-01,NGG,-0.5104500303784705,0.04038202357892197
2017-02-14,SNY,-0.1125705991298035,0.05835895320593672
2017-02-08,HD,0.6156079875447726,0.035768283453792626
2017-05-31,SPLP,1.2434497875801752e-15,0.004843377777662292
2016-08-05,BRK-A,0.3401937578606914,-0.01467148752044136
2016-11-30,HSBC,1.659133764037923,0.03327033032518338
2017-05-12,CVX,0.30783987720249917,0.04066544897383745
2017-02-28,PCG,-0.14735589727164375,0.03503667740742854
2016-09-01,CHTR,-0.3527702057429898,0.1544789441014659
2017-02-08,INTC,-0.18224644613568136,0.05164682153202693
2016-10-18,INTC,-1.4556886006084087,0.09318824151469528
2016-08-09,KO,0.1649492615954479,0.03576714114769715
2017-01-25,JPM,-0.25266623518581366,0.0614988334465522
2017-04-24,IEP,1.4013516952343994,0.0006540431196297783
2016-08-15,CHTR,-0.6127235713831137,0.13935977933930177
2017-02-27,HRG,0.05421418484269569,0.07097962377210619
2017-06-12,CODI,0.23809658171741943,0.026845363894316965
2016-09-30,ORCL,-0.2150202429248874,0.06070055959174438
2017-05-30,UNH,0.4734294485914467,0.05208106937358807
2016-08-19,REX,2.362655154712042,0.10506137140040976
2016-09-28,SPLP,-0.05594353543450117,-0.03209441888669595
2017-06-30,BA,0.6184063768073166,0.07835124590495891
2016-08-08,SNY,-0.014983911720602783,0.012465622236152649
2016-10-25,CSCO,0.09207473421159011,0.06856080452560176
2017-07-14,PTR,-0.10194351638385286,0.02359494225301606
2017-05-15,NGG,-1.2349647233187357,0.049537345818474396
2017-08-17,CAT,0.287825257829897,0.14337637768794825
2017-08-16,TM,0.0816905781663432,0.08138857729131861
2017-06-12,BP,0.12804478805116135,0.05416808240463583
2017-01-11,EXC,0.19682537476541556,0.06909239528023514
2017-02-08,PM,0.05837862024136618,0.09982247780571656
2016-12-15,DHR,-0.3543059551104234,0.02897013803061431
2017-08-03,AAPL,0.04622063304964259,0.08911195319315353
2017-05-02,HSBC,0.7116493716435535,0.06049960678975584
2017-05-12,GOOG,0.03836696585476469,0.08825444896148173
2016-08-16,XOM,-0.0455474357761984,0.020499678391948994
2016-12-01,UPS,0.4333039147989394,0.037535176627223485
2017-07-20,BP,-0.0627731385837535,0.01351912717693153
2017-05-10,CELG,-0.43586521403829864,0.023531917821583856
2017-06-30,XOM,-0.14171254308895107,0.06568021788706253
2017-03-02,DUK,-0.5689660490951286,0.016260193821205166
2017-08-21,BP,0.2745776984669256,0.06230209164282427
2017-07-28,MRK,-0.31759271491821,0.0392216183020396
2017-01-09,BP,0.06956633952045746,0.08470835053700145
2017-08-22,VZ,0.06607480988511912,0.13706268640345137
2017-03-17,JPM,-0.7620187439134214,0.09548118818907007
2017-04-19,PICO,0.6780310335136284,0.18105713490664932
2017-06-13,BUD,0.052618289395921024,0.017709019381506153
2016-08-05,DHR,-0.027012626076603645,-0.0003399128608657931
2017-04-12,GOOG,0.4161093370555878,0.05349782042651886
2017-03-29,BHP,0.12430792954755503,0.12704976982141558
2017-03-01,HD,0.15404862666282454,0.033459487910869806
2017-06-26,HON,-0.0820980387960148,0.05234058172890248
2017-01-24,PFE,0.3689667752082851,0.04619358918202025
2016-09-23,MCD,-0.311363665988217,0.029095986063543078
2017-08-25,MMM,0.14099424800113644,0.07421043543065182
2016-10-03,UPS,-0.023827724837486425,0.06503633208451451
2016-10-13,CHL,-0.5134460141559816,0.05017615431417086
2016-09-13,PCLN,0.4614602806132348,0.10982798048458318
2017-05-22,BSAC,0.6946569699786839,0.06126403708710562
2017-08-02,UNH,0.18874409636539644,0.03017937428958166
2017-08-01,DHR,-0.13657089761411836,0.034511908733033975
2017-06-15,DIS,-0.334926423198522,0.007415679684636009
2017-08-18,JPM,0.25187892870790585,0.08233951456963891
2017-06-30,TM,0.6003084362259945,0.08690141870135494
2016-11-25,VZ,-0.3423628206801006,0.09684712816581671
2016-08-08,NVS,0.014578959791687652,0.03167057883359689
2016-12-05,BABA,0.32269380031407047,0.053280721783560955
2016-10-21,CELG,0.9843706232381318,0.042971962472658304
2017-06-13,DIS,-0.497886740822152,0.015752297673306853
2016-09-12,SNP,-0.4407724398706735,0.10153194062614092
2017-07-27,CMCSA,0.13648529985051078,0.03958286817303873
2017-04-24,GOOG,1.122564763378716,0.05961923540599379
2016-11-04,C,1.8468555556737527,0.09866735106516929
2016-08-26,GMRE,0.018647690618509793,0.01117411287278286
2017-03-10,RDS-B,0.4478343745654255,0.04244557053958266
2016-12-06,T,0.9963684188487629,0.11144329736975027
2017-01-05,UPS,-0.22001202957900481,0.03619184276358675
2017-01-05,UL,0.16910283715123048,0.03538008283389585
2017-05-25,MCD,0.6468921537014283,0.020941164990900984
2016-10-18,UN,-0.29893071876053845,0.03521363278307936
2016-10-18,AMZN,0.4242572113852793,0.09044890043799593
2017-03-17,XOM,-0.18869119157277225,0.057538947766534065
2017-02-06,GOOG,0.44183417796510815,0.03694271082712583
2017-08-01,JPM,0.13925416516430542,0.033185418961960464
2016-11-08,PG,-0.8979771391837457,0.05355397962856735
2017-07-06,PM,-0.14245731390573768,0.12753920227214816
2016-09-20,PPL,0.26853726583919074,0.11777330793301959
2016-09-01,UPS,-0.3445053390278632,0.02397229752562985
2017-03-28,BAC,-0.03409960827903691,0.11011039827664389
2016-09-09,CVX,-0.6891344492472558,0.09245781351137723
2017-03-14,JPM,-0.9213493102248652,0.10063968516887219
2017-04-13,WFC,0.6325388924381076,0.09409914812792679
2017-08-25,BAC,0.36949011807965076,0.11457431094526381
2017-01-13,MRK,-0.17076225875602552,0.06041376458535436
2016-08-02,DHR,0.06661017727421341,-0.004466586127413026
2016-09-15,AAPL,-0.1650805427425528,0.10476711636289636
2017-05-24,WMT,0.42037409683308447,0.05034797800034432
2016-12-22,WFC,-0.23092473196252503,0.09931003255734754
2017-01-05,BAC,0.2105285212587389,0.10916399768499131
2017-06-14,UN,0.19803940548514762,0.03447112366596386
2016-12-27,MA,0.3011558736027012,0.09057408898526918
2017-04-27,TOT,-0.046556632632405705,0.13132290465681073
2016-12-07,JPM,0.15639690476121781,0.035502074770826175
